nohup: ignoring input

> gdpr-consent-api@1.0.0 start
> node server.js

API listening on port 3000
Error: Access denied for user 'root'@'ip-172-31-40-187.eu-north-1.compute.internal'
    at PromisePool.execute (/var/www/gdpr-consent/backend/node_modules/mysql2/lib/promise/pool.js:54:22)
    at /var/www/gdpr-consent/backend/server.js:52:33
    at Layer.handle [as handle_request] (/var/www/gdpr-consent/backend/node_modules/express/lib/router/layer.js:95:5)
    at next (/var/www/gdpr-consent/backend/node_modules/express/lib/router/route.js:149:13)
    at Route.dispatch (/var/www/gdpr-consent/backend/node_modules/express/lib/router/route.js:119:3)
    at Layer.handle [as handle_request] (/var/www/gdpr-consent/backend/node_modules/express/lib/router/layer.js:95:5)
    at /var/www/gdpr-consent/backend/node_modules/express/lib/router/index.js:284:15
    at Function.process_params (/var/www/gdpr-consent/backend/node_modules/express/lib/router/index.js:346:12)
    at next (/var/www/gdpr-consent/backend/node_modules/express/lib/router/index.js:280:10)
    at /var/www/gdpr-consent/backend/node_modules/body-parser/lib/read.js:137:5 {
  code: 'ER_ACCESS_DENIED_NO_PASSWORD_ERROR',
  errno: 1698,
  sql: undefined,
  sqlState: '28000',
  sqlMessage: "Access denied for user 'root'@'ip-172-31-40-187.eu-north-1.compute.internal'"
}
Error: Access denied for user 'root'@'ip-172-31-40-187.eu-north-1.compute.internal'
    at PromisePool.execute (/var/www/gdpr-consent/backend/node_modules/mysql2/lib/promise/pool.js:54:22)
    at /var/www/gdpr-consent/backend/server.js:52:33
    at Layer.handle [as handle_request] (/var/www/gdpr-consent/backend/node_modules/express/lib/router/layer.js:95:5)
    at next (/var/www/gdpr-consent/backend/node_modules/express/lib/router/route.js:149:13)
    at Route.dispatch (/var/www/gdpr-consent/backend/node_modules/express/lib/router/route.js:119:3)
    at Layer.handle [as handle_request] (/var/www/gdpr-consent/backend/node_modules/express/lib/router/layer.js:95:5)
    at /var/www/gdpr-consent/backend/node_modules/express/lib/router/index.js:284:15
    at Function.process_params (/var/www/gdpr-consent/backend/node_modules/express/lib/router/index.js:346:12)
    at next (/var/www/gdpr-consent/backend/node_modules/express/lib/router/index.js:280:10)
    at /var/www/gdpr-consent/backend/node_modules/body-parser/lib/read.js:137:5 {
  code: 'ER_ACCESS_DENIED_NO_PASSWORD_ERROR',
  errno: 1698,
  sql: undefined,
  sqlState: '28000',
  sqlMessage: "Access denied for user 'root'@'ip-172-31-40-187.eu-north-1.compute.internal'"
}
Error: Access denied for user 'root'@'ip-172-31-40-187.eu-north-1.compute.internal'
    at PromisePool.execute (/var/www/gdpr-consent/backend/node_modules/mysql2/lib/promise/pool.js:54:22)
    at /var/www/gdpr-consent/backend/server.js:52:33
    at Layer.handle [as handle_request] (/var/www/gdpr-consent/backend/node_modules/express/lib/router/layer.js:95:5)
    at next (/var/www/gdpr-consent/backend/node_modules/express/lib/router/route.js:149:13)
    at Route.dispatch (/var/www/gdpr-consent/backend/node_modules/express/lib/router/route.js:119:3)
    at Layer.handle [as handle_request] (/var/www/gdpr-consent/backend/node_modules/express/lib/router/layer.js:95:5)
    at /var/www/gdpr-consent/backend/node_modules/express/lib/router/index.js:284:15
    at Function.process_params (/var/www/gdpr-consent/backend/node_modules/express/lib/router/index.js:346:12)
    at next (/var/www/gdpr-consent/backend/node_modules/express/lib/router/index.js:280:10)
    at /var/www/gdpr-consent/backend/node_modules/body-parser/lib/read.js:137:5 {
  code: 'ER_ACCESS_DENIED_NO_PASSWORD_ERROR',
  errno: 1698,
  sql: undefined,
  sqlState: '28000',
  sqlMessage: "Access denied for user 'root'@'ip-172-31-40-187.eu-north-1.compute.internal'"
}
Killed

> gdpr-consent-api@1.0.0 start
> node server.js

API listening on port 3000
Error: Field 'created_at' doesn't have a default value
    at PromisePool.execute (/var/www/gdpr-consent/backend/node_modules/mysql2/lib/promise/pool.js:54:22)
    at /var/www/gdpr-consent/backend/server.js:52:33
    at Layer.handle [as handle_request] (/var/www/gdpr-consent/backend/node_modules/express/lib/router/layer.js:95:5)
    at next (/var/www/gdpr-consent/backend/node_modules/express/lib/router/route.js:149:13)
    at Route.dispatch (/var/www/gdpr-consent/backend/node_modules/express/lib/router/route.js:119:3)
    at Layer.handle [as handle_request] (/var/www/gdpr-consent/backend/node_modules/express/lib/router/layer.js:95:5)
    at /var/www/gdpr-consent/backend/node_modules/express/lib/router/index.js:284:15
    at Function.process_params (/var/www/gdpr-consent/backend/node_modules/express/lib/router/index.js:346:12)
    at next (/var/www/gdpr-consent/backend/node_modules/express/lib/router/index.js:280:10)
    at /var/www/gdpr-consent/backend/node_modules/body-parser/lib/read.js:137:5 {
  code: 'ER_NO_DEFAULT_FOR_FIELD',
  errno: 1364,
  sql: 'INSERT INTO candidate_signatures(candidate_id, signature_blob)\n' +
    '       VALUES (?, ?)',
  sqlState: 'HY000',
  sqlMessage: "Field 'created_at' doesn't have a default value"
}
Error: Field 'created_at' doesn't have a default value
    at PromisePool.execute (/var/www/gdpr-consent/backend/node_modules/mysql2/lib/promise/pool.js:54:22)
    at /var/www/gdpr-consent/backend/server.js:52:33
    at Layer.handle [as handle_request] (/var/www/gdpr-consent/backend/node_modules/express/lib/router/layer.js:95:5)
    at next (/var/www/gdpr-consent/backend/node_modules/express/lib/router/route.js:149:13)
    at Route.dispatch (/var/www/gdpr-consent/backend/node_modules/express/lib/router/route.js:119:3)
    at Layer.handle [as handle_request] (/var/www/gdpr-consent/backend/node_modules/express/lib/router/layer.js:95:5)
    at /var/www/gdpr-consent/backend/node_modules/express/lib/router/index.js:284:15
    at Function.process_params (/var/www/gdpr-consent/backend/node_modules/express/lib/router/index.js:346:12)
    at next (/var/www/gdpr-consent/backend/node_modules/express/lib/router/index.js:280:10)
    at /var/www/gdpr-consent/backend/node_modules/body-parser/lib/read.js:137:5 {
  code: 'ER_NO_DEFAULT_FOR_FIELD',
  errno: 1364,
  sql: 'INSERT INTO candidate_signatures(candidate_id, signature_blob)\n' +
    '       VALUES (?, ?)',
  sqlState: 'HY000',
  sqlMessage: "Field 'created_at' doesn't have a default value"
}
Killed

> gdpr-consent-api@1.0.0 start
> node server.js

API listening on port 3000

> gdpr-consent-api@1.0.0 start
> node server.js

node:events:495
      throw er; // Unhandled 'error' event
      ^

Error: listen EADDRINUSE: address already in use :::3000
    at Server.setupListenHandle [as _listen2] (node:net:1811:16)
    at listenInCluster (node:net:1859:12)
    at Server.listen (node:net:1947:7)
    at Function.listen (/var/www/gdpr-consent/backend/node_modules/express/lib/application.js:635:24)
    at Object.<anonymous> (/var/www/gdpr-consent/backend/server.js:196:5)
    at Module._compile (node:internal/modules/cjs/loader:1356:14)
    at Module._extensions..js (node:internal/modules/cjs/loader:1414:10)
    at Module.load (node:internal/modules/cjs/loader:1197:32)
    at Module._load (node:internal/modules/cjs/loader:1013:12)
    at Function.executeUserEntryPoint [as runMain] (node:internal/modules/run_main:128:12)
Emitted 'error' event on Server instance at:
    at emitErrorNT (node:net:1838:8)
    at process.processTicksAndRejections (node:internal/process/task_queues:82:21) {
  code: 'EADDRINUSE',
  errno: -98,
  syscall: 'listen',
  address: '::',
  port: 3000
}

Node.js v18.19.1

> gdpr-consent-api@1.0.0 start
> node server.js

API listening on port 3000
Killed

> gdpr-consent-api@1.0.0 start
> node server.js

API listening on port 3000
Killed

> gdpr-consent-api@1.0.0 start
> node server.js

API listening on port 3000
Killed

> gdpr-consent-api@1.0.0 start
> node server.js

API listening on port 3000
Killed

> gdpr-consent-api@1.0.0 start
> node server.js

API listening on port 3000
Killed

> gdpr-consent-api@1.0.0 start
> node server.js

API listening on port 3000
Killed

> gdpr-consent-api@1.0.0 start
> node server.js

/var/www/gdpr-consent/backend/server.js:81
    const signUrl = `${BASE_URL}/sign?token=${token}`;
          ^

SyntaxError: Identifier 'signUrl' has already been declared
    at internalCompileFunction (node:internal/vm:73:18)
    at wrapSafe (node:internal/modules/cjs/loader:1274:20)
    at Module._compile (node:internal/modules/cjs/loader:1320:27)
    at Module._extensions..js (node:internal/modules/cjs/loader:1414:10)
    at Module.load (node:internal/modules/cjs/loader:1197:32)
    at Module._load (node:internal/modules/cjs/loader:1013:12)
    at Function.executeUserEntryPoint [as runMain] (node:internal/modules/run_main:128:12)
    at node:internal/main/run_main_module:28:49

Node.js v18.19.1

> gdpr-consent-api@1.0.0 start
> node server.js

/var/www/gdpr-consent/backend/server.js:81
    const signUrl = `${BASE_URL}/sign?token=${token}`;
          ^

SyntaxError: Identifier 'signUrl' has already been declared
    at internalCompileFunction (node:internal/vm:73:18)
    at wrapSafe (node:internal/modules/cjs/loader:1274:20)
    at Module._compile (node:internal/modules/cjs/loader:1320:27)
    at Module._extensions..js (node:internal/modules/cjs/loader:1414:10)
    at Module.load (node:internal/modules/cjs/loader:1197:32)
    at Module._load (node:internal/modules/cjs/loader:1013:12)
    at Function.executeUserEntryPoint [as runMain] (node:internal/modules/run_main:128:12)
    at node:internal/main/run_main_module:28:49

Node.js v18.19.1

> gdpr-consent-api@1.0.0 start
> node server.js

/var/www/gdpr-consent/backend/server.js:81
    const signUrl = `${BASE_URL}/sign?token=${token}`;
          ^

SyntaxError: Identifier 'signUrl' has already been declared
    at internalCompileFunction (node:internal/vm:73:18)
    at wrapSafe (node:internal/modules/cjs/loader:1274:20)
    at Module._compile (node:internal/modules/cjs/loader:1320:27)
    at Module._extensions..js (node:internal/modules/cjs/loader:1414:10)
    at Module.load (node:internal/modules/cjs/loader:1197:32)
    at Module._load (node:internal/modules/cjs/loader:1013:12)
    at Function.executeUserEntryPoint [as runMain] (node:internal/modules/run_main:128:12)
    at node:internal/main/run_main_module:28:49

Node.js v18.19.1

> gdpr-consent-api@1.0.0 start
> node server.js

API listening on port 3000
Error: Invalid login: 535-5.7.8 Username and Password not accepted. For more information, go to
535 5.7.8  https://support.google.com/mail/?p=BadCredentials 2adb3069b0e04-5593c7e8d21sm1900549e87.55 - gsmtp
    at SMTPConnection._formatError (/var/www/gdpr-consent/backend/node_modules/nodemailer/lib/smtp-connection/index.js:809:19)
    at SMTPConnection._actionAUTHComplete (/var/www/gdpr-consent/backend/node_modules/nodemailer/lib/smtp-connection/index.js:1588:34)
    at SMTPConnection.<anonymous> (/var/www/gdpr-consent/backend/node_modules/nodemailer/lib/smtp-connection/index.js:556:26)
    at SMTPConnection._processResponse (/var/www/gdpr-consent/backend/node_modules/nodemailer/lib/smtp-connection/index.js:993:20)
    at SMTPConnection._onData (/var/www/gdpr-consent/backend/node_modules/nodemailer/lib/smtp-connection/index.js:774:14)
    at SMTPConnection._onSocketData (/var/www/gdpr-consent/backend/node_modules/nodemailer/lib/smtp-connection/index.js:195:44)
    at TLSSocket.emit (node:events:517:28)
    at addChunk (node:internal/streams/readable:368:12)
    at readableAddChunk (node:internal/streams/readable:341:9)
    at Readable.push (node:internal/streams/readable:278:10) {
  code: 'EAUTH',
  response: '535-5.7.8 Username and Password not accepted. For more information, go to\n' +
    '535 5.7.8  https://support.google.com/mail/?p=BadCredentials 2adb3069b0e04-5593c7e8d21sm1900549e87.55 - gsmtp',
  responseCode: 535,
  command: 'AUTH PLAIN'
}
Killed

> gdpr-consent-api@1.0.0 start
> node server.js

API listening on port 3000
Error: Incorrect datetime value: '2025-07-14T11:37:45.375Z' for column 'signed_at' at row 1
    at PromisePool.execute (/var/www/gdpr-consent/backend/node_modules/mysql2/lib/promise/pool.js:54:22)
    at /var/www/gdpr-consent/backend/server.js:125:16
    at process.processTicksAndRejections (node:internal/process/task_queues:95:5) {
  code: 'ER_TRUNCATED_WRONG_VALUE',
  errno: 1292,
  sql: 'INSERT INTO candidate_signatures\n' +
    '         (candidate_id, signature_blob, signed_at, ip_address, user_agent, signature_data)\n' +
    '       VALUES (?, ?, ?, ?, ?, ?)',
  sqlState: '22007',
  sqlMessage: "Incorrect datetime value: '2025-07-14T11:37:45.375Z' for column 'signed_at' at row 1"
}
Error: ENOENT: no such file or directory, stat '/var/www/html/gdpr-consent/public/invalid-token.html'
Killed

> gdpr-consent-api@1.0.0 start
> node server.js

API listening on port 3000
Error: Incorrect datetime value: '2025-07-14T12:06:11.567Z' for column 'signed_at' at row 1
    at PromisePool.execute (/var/www/gdpr-consent/backend/node_modules/mysql2/lib/promise/pool.js:54:22)
    at /var/www/gdpr-consent/backend/server.js:125:16
    at process.processTicksAndRejections (node:internal/process/task_queues:95:5) {
  code: 'ER_TRUNCATED_WRONG_VALUE',
  errno: 1292,
  sql: 'INSERT INTO candidate_signatures\n' +
    '         (candidate_id, signature_blob, signed_at, ip_address, user_agent, signature_data)\n' +
    '       VALUES (?, ?, ?, ?, ?, ?)',
  sqlState: '22007',
  sqlMessage: "Incorrect datetime value: '2025-07-14T12:06:11.567Z' for column 'signed_at' at row 1"
}
Error: Incorrect datetime value: '2025-07-14T12:06:46.056Z' for column 'signed_at' at row 1
    at PromisePool.execute (/var/www/gdpr-consent/backend/node_modules/mysql2/lib/promise/pool.js:54:22)
    at /var/www/gdpr-consent/backend/server.js:125:16
    at process.processTicksAndRejections (node:internal/process/task_queues:95:5) {
  code: 'ER_TRUNCATED_WRONG_VALUE',
  errno: 1292,
  sql: 'INSERT INTO candidate_signatures\n' +
    '         (candidate_id, signature_blob, signed_at, ip_address, user_agent, signature_data)\n' +
    '       VALUES (?, ?, ?, ?, ?, ?)',
  sqlState: '22007',
  sqlMessage: "Incorrect datetime value: '2025-07-14T12:06:46.056Z' for column 'signed_at' at row 1"
}
Killed

> gdpr-consent-api@1.0.0 start
> node server.js

API listening on port 3000
Error: Incorrect datetime value: '2025-07-14T12:12:45.167Z' for column 'signed_at' at row 1
    at PromisePool.execute (/var/www/gdpr-consent/backend/node_modules/mysql2/lib/promise/pool.js:54:22)
    at /var/www/gdpr-consent/backend/server.js:125:16
    at process.processTicksAndRejections (node:internal/process/task_queues:95:5) {
  code: 'ER_TRUNCATED_WRONG_VALUE',
  errno: 1292,
  sql: 'INSERT INTO candidate_signatures\n' +
    '         (candidate_id, signature_blob, signed_at, ip_address, user_agent, signature_data)\n' +
    '       VALUES (?, ?, ?, ?, ?, ?)',
  sqlState: '22007',
  sqlMessage: "Incorrect datetime value: '2025-07-14T12:12:45.167Z' for column 'signed_at' at row 1"
}
Error: Incorrect datetime value: '2025-07-14T12:13:00.342Z' for column 'signed_at' at row 1
    at PromisePool.execute (/var/www/gdpr-consent/backend/node_modules/mysql2/lib/promise/pool.js:54:22)
    at /var/www/gdpr-consent/backend/server.js:125:16
    at process.processTicksAndRejections (node:internal/process/task_queues:95:5) {
  code: 'ER_TRUNCATED_WRONG_VALUE',
  errno: 1292,
  sql: 'INSERT INTO candidate_signatures\n' +
    '         (candidate_id, signature_blob, signed_at, ip_address, user_agent, signature_data)\n' +
    '       VALUES (?, ?, ?, ?, ?, ?)',
  sqlState: '22007',
  sqlMessage: "Incorrect datetime value: '2025-07-14T12:13:00.342Z' for column 'signed_at' at row 1"
}
Killed

> gdpr-consent-api@1.0.0 start
> node server.js

API listening on port 3000
[Consent Submit] {
  token: '85e0a6b7f5f04a6e49da3b0fd431ccb2',
  signed_at: '2025-07-14T12:57:24.564Z',
  ip: '153.1.77.107',
  userAgent: 'Mozilla/5.0 (Windows NT 10.0; Win64; x64) AppleWebKit/537.36 (KHTML, like Gecko) Chrome/137.0.0.0 Safari/537.36',
  signatureLength: 14916,
  signature_data: [
    {
      dotSize: 0,
      minWidth: 0.5,
      maxWidth: 2.5,
      penColor: 'black',
      points: [Array]
    },
    {
      dotSize: 0,
      minWidth: 0.5,
      maxWidth: 2.5,
      penColor: 'black',
      points: [Array]
    },
    {
      dotSize: 0,
      minWidth: 0.5,
      maxWidth: 2.5,
      penColor: 'black',
      points: [Array]
    },
    {
      dotSize: 0,
      minWidth: 0.5,
      maxWidth: 2.5,
      penColor: 'black',
      points: [Array]
    }
  ]
}
[Consent Submit Error] Error: Incorrect datetime value: '2025-07-14T12:57:24.564Z' for column 'signed_at' at row 1
    at PromisePool.execute (/var/www/gdpr-consent/backend/node_modules/mysql2/lib/promise/pool.js:54:22)
    at /var/www/gdpr-consent/backend/server.js:139:16
    at process.processTicksAndRejections (node:internal/process/task_queues:95:5)
[Consent Submit] {
  token: '85e0a6b7f5f04a6e49da3b0fd431ccb2',
  signed_at: '2025-07-14T12:57:35.387Z',
  ip: '153.1.77.107',
  userAgent: 'Mozilla/5.0 (Windows NT 10.0; Win64; x64) AppleWebKit/537.36 (KHTML, like Gecko) Chrome/137.0.0.0 Safari/537.36',
  signatureLength: 12388,
  signature_data: [
    {
      dotSize: 0,
      minWidth: 0.5,
      maxWidth: 2.5,
      penColor: 'black',
      points: [Array]
    }
  ]
}
[Consent Submit Error] Error: Incorrect datetime value: '2025-07-14T12:57:35.387Z' for column 'signed_at' at row 1
    at PromisePool.execute (/var/www/gdpr-consent/backend/node_modules/mysql2/lib/promise/pool.js:54:22)
    at /var/www/gdpr-consent/backend/server.js:139:16
    at process.processTicksAndRejections (node:internal/process/task_queues:95:5)
[Consent Submit] {
  token: '85e0a6b7f5f04a6e49da3b0fd431ccb2',
  signed_at: '2025-07-14T12:59:29.173Z',
  ip: '153.1.77.107',
  userAgent: 'Mozilla/5.0 (Windows NT 10.0; Win64; x64) AppleWebKit/537.36 (KHTML, like Gecko) Chrome/137.0.0.0 Safari/537.36',
  signatureLength: 12388,
  signature_data: [
    {
      dotSize: 0,
      minWidth: 0.5,
      maxWidth: 2.5,
      penColor: 'black',
      points: [Array]
    }
  ]
}
[Consent Submit Error] Error: Incorrect datetime value: '2025-07-14T12:59:29.173Z' for column 'signed_at' at row 1
    at PromisePool.execute (/var/www/gdpr-consent/backend/node_modules/mysql2/lib/promise/pool.js:54:22)
    at /var/www/gdpr-consent/backend/server.js:139:16
    at process.processTicksAndRejections (node:internal/process/task_queues:95:5)
Killed

> gdpr-consent-api@1.0.0 start
> node server.js

API listening on port 3000
[Consent Submit] {
  token: '61255818862e47c16b88629b16dc6fe6',
  signed_at: '2025-07-14T13:15:21.465Z',
  ip: '153.1.77.107',
  userAgent: 'Mozilla/5.0 (Windows NT 10.0; Win64; x64) AppleWebKit/537.36 (KHTML, like Gecko) Chrome/137.0.0.0 Safari/537.36',
  signatureLength: 12292,
  signature_data: [
    {
      dotSize: 0,
      minWidth: 0.5,
      maxWidth: 2.5,
      penColor: 'black',
      points: [Array]
    },
    {
      dotSize: 0,
      minWidth: 0.5,
      maxWidth: 2.5,
      penColor: 'black',
      points: [Array]
    }
  ]
}
[Consent Submit] {
  token: 'b0b168576ffd44397ed0759a0f202c0b',
  signed_at: '2025-07-14T14:36:26.450Z',
  ip: '153.1.77.107',
  userAgent: 'Mozilla/5.0 (Windows NT 10.0; Win64; x64) AppleWebKit/537.36 (KHTML, like Gecko) Chrome/137.0.0.0 Safari/537.36',
  signatureLength: 22188,
  signature_data: [
    {
      dotSize: 0,
      minWidth: 0.5,
      maxWidth: 2.5,
      penColor: 'black',
      points: [Array]
    },
    {
      dotSize: 0,
      minWidth: 0.5,
      maxWidth: 2.5,
      penColor: 'black',
      points: [Array]
    },
    {
      dotSize: 0,
      minWidth: 0.5,
      maxWidth: 2.5,
      penColor: 'black',
      points: [Array]
    },
    {
      dotSize: 0,
      minWidth: 0.5,
      maxWidth: 2.5,
      penColor: 'black',
      points: [Array]
    }
  ]
}
Killed

> gdpr-consent-api@1.0.0 start
> node server.js

API listening on port 3000
[Consent Submit] {
  token: '108a95dfad12d060bb65396cda9fcd90',
  signed_at: '2025-07-14T15:13:44.283Z',
  ip: '153.1.77.107',
  userAgent: 'Mozilla/5.0 (Windows NT 10.0; Win64; x64) AppleWebKit/537.36 (KHTML, like Gecko) Chrome/137.0.0.0 Safari/537.36',
  signatureLength: 18900,
  signature_data: [
    {
      dotSize: 0,
      minWidth: 0.5,
      maxWidth: 2.5,
      penColor: 'black',
      points: [Array]
    },
    {
      dotSize: 0,
      minWidth: 0.5,
      maxWidth: 2.5,
      penColor: 'black',
      points: [Array]
    },
    {
      dotSize: 0,
      minWidth: 0.5,
      maxWidth: 2.5,
      penColor: 'black',
      points: [Array]
    },
    {
      dotSize: 0,
      minWidth: 0.5,
      maxWidth: 2.5,
      penColor: 'black',
      points: [Array]
    },
    {
      dotSize: 0,
      minWidth: 0.5,
      maxWidth: 2.5,
      penColor: 'black',
      points: [Array]
    },
    {
      dotSize: 0,
      minWidth: 0.5,
      maxWidth: 2.5,
      penColor: 'black',
      points: [Array]
    }
  ],
  signatureHash: 'e9f89203ec7ef255f5b8a8ce32dbfbbf2eb9b3a91abd8112a09336b6952c0eec'
}
[Consent Submit] {
  token: '4cb0a1040890301992b8ef23073f6eba',
  signed_at: '2025-07-14T15:19:25.345Z',
  ip: '153.1.77.107',
  userAgent: 'Mozilla/5.0 (Windows NT 10.0; Win64; x64) AppleWebKit/537.36 (KHTML, like Gecko) Chrome/137.0.0.0 Safari/537.36',
  signatureLength: 14924,
  signature_data: [
    {
      dotSize: 0,
      minWidth: 0.5,
      maxWidth: 2.5,
      penColor: 'black',
      points: [Array]
    },
    {
      dotSize: 0,
      minWidth: 0.5,
      maxWidth: 2.5,
      penColor: 'black',
      points: [Array]
    },
    {
      dotSize: 0,
      minWidth: 0.5,
      maxWidth: 2.5,
      penColor: 'black',
      points: [Array]
    },
    {
      dotSize: 0,
      minWidth: 0.5,
      maxWidth: 2.5,
      penColor: 'black',
      points: [Array]
    }
  ],
  signatureHash: 'bc5a8344d7bfe820fb2eb428680d9189b725d76c6faa5ee64a7764d455cc8845'
}
[Consent Submit] {
  token: '58359e7969d2630596a86aa57b2e248c',
  signed_at: '2025-07-14T15:19:37.026Z',
  ip: '153.1.77.107',
  userAgent: 'Mozilla/5.0 (Windows NT 10.0; Win64; x64) AppleWebKit/537.36 (KHTML, like Gecko) Chrome/137.0.0.0 Safari/537.36',
  signatureLength: 16588,
  signature_data: [
    {
      dotSize: 0,
      minWidth: 0.5,
      maxWidth: 2.5,
      penColor: 'black',
      points: [Array]
    },
    {
      dotSize: 0,
      minWidth: 0.5,
      maxWidth: 2.5,
      penColor: 'black',
      points: [Array]
    },
    {
      dotSize: 0,
      minWidth: 0.5,
      maxWidth: 2.5,
      penColor: 'black',
      points: [Array]
    },
    {
      dotSize: 0,
      minWidth: 0.5,
      maxWidth: 2.5,
      penColor: 'black',
      points: [Array]
    },
    {
      dotSize: 0,
      minWidth: 0.5,
      maxWidth: 2.5,
      penColor: 'black',
      points: [Array]
    },
    {
      dotSize: 0,
      minWidth: 0.5,
      maxWidth: 2.5,
      penColor: 'black',
      points: [Array]
    },
    {
      dotSize: 0,
      minWidth: 0.5,
      maxWidth: 2.5,
      penColor: 'black',
      points: [Array]
    },
    {
      dotSize: 0,
      minWidth: 0.5,
      maxWidth: 2.5,
      penColor: 'black',
      points: [Array]
    },
    {
      dotSize: 0,
      minWidth: 0.5,
      maxWidth: 2.5,
      penColor: 'black',
      points: [Array]
    }
  ],
  signatureHash: '1a7874d5c1a9f3f422e49c55497a9db69833fc558e608244e64082a820fe3f85'
}
Killed

> gdpr-consent-api@1.0.0 start
> node server.js

API listening on port 3000
[Consent Submit] {
  token: '136a23a96b5369dd15596a7941e5200a',
  signed_at: '2025-07-15T05:09:34.771Z',
  ip: '81.197.186.143',
  userAgent: 'Mozilla/5.0 (Windows NT 10.0; Win64; x64) AppleWebKit/537.36 (KHTML, like Gecko) Chrome/137.0.0.0 Safari/537.36',
  signatureLength: 18840,
  signature_data: [
    {
      dotSize: 0,
      minWidth: 0.5,
      maxWidth: 2.5,
      penColor: 'black',
      points: [Array]
    },
    {
      dotSize: 0,
      minWidth: 0.5,
      maxWidth: 2.5,
      penColor: 'black',
      points: [Array]
    },
    {
      dotSize: 0,
      minWidth: 0.5,
      maxWidth: 2.5,
      penColor: 'black',
      points: [Array]
    },
    {
      dotSize: 0,
      minWidth: 0.5,
      maxWidth: 2.5,
      penColor: 'black',
      points: [Array]
    },
    {
      dotSize: 0,
      minWidth: 0.5,
      maxWidth: 2.5,
      penColor: 'black',
      points: [Array]
    },
    {
      dotSize: 0,
      minWidth: 0.5,
      maxWidth: 2.5,
      penColor: 'black',
      points: [Array]
    },
    {
      dotSize: 0,
      minWidth: 0.5,
      maxWidth: 2.5,
      penColor: 'black',
      points: [Array]
    }
  ],
  signatureHash: '090e69ea3fe18aff32d90dc9775829cac39932a6fd12ecd13910e65781607342'
}
[Consent Submit] {
  token: '2d11474982ed10e454a8fbb0a4b955be',
  signed_at: '2025-07-15T05:37:10.846Z',
  ip: '103.160.100.87',
  userAgent: 'Mozilla/5.0 (Windows NT 10.0; Win64; x64) AppleWebKit/537.36 (KHTML, like Gecko) Chrome/138.0.0.0 Safari/537.36 Edg/138.0.0.0',
  signatureLength: 13176,
  signature_data: [
    {
      dotSize: 0,
      minWidth: 0.5,
      maxWidth: 2.5,
      penColor: 'black',
      points: [Array]
    },
    {
      dotSize: 0,
      minWidth: 0.5,
      maxWidth: 2.5,
      penColor: 'black',
      points: [Array]
    },
    {
      dotSize: 0,
      minWidth: 0.5,
      maxWidth: 2.5,
      penColor: 'black',
      points: [Array]
    },
    {
      dotSize: 0,
      minWidth: 0.5,
      maxWidth: 2.5,
      penColor: 'black',
      points: [Array]
    }
  ],
  signatureHash: '8534646359174b2012593fa64d59957577027e97c24bf94f8ea1690594ba86d6'
}
[Consent Submit] {
  token: '15a4d59d121ffb74a484a5f95b0ade8a',
  signed_at: '2025-07-15T05:45:44.777Z',
  ip: '38.180.108.145',
  userAgent: 'Mozilla/5.0 (Windows NT 10.0; Win64; x64) AppleWebKit/537.36 (KHTML, like Gecko) Chrome/126.0.0.0 Safari/537.36 NetType/WIFI MicroMessenger/7.0.20.1781(0x6700143B) WindowsWechat(0x63090c33) XWEB/14185 Flue',
  signatureLength: 19096,
  signature_data: [
    {
      dotSize: 0,
      minWidth: 0.5,
      maxWidth: 2.5,
      penColor: 'black',
      points: [Array]
    },
    {
      dotSize: 0,
      minWidth: 0.5,
      maxWidth: 2.5,
      penColor: 'black',
      points: [Array]
    },
    {
      dotSize: 0,
      minWidth: 0.5,
      maxWidth: 2.5,
      penColor: 'black',
      points: [Array]
    },
    {
      dotSize: 0,
      minWidth: 0.5,
      maxWidth: 2.5,
      penColor: 'black',
      points: [Array]
    },
    {
      dotSize: 0,
      minWidth: 0.5,
      maxWidth: 2.5,
      penColor: 'black',
      points: [Array]
    },
    {
      dotSize: 0,
      minWidth: 0.5,
      maxWidth: 2.5,
      penColor: 'black',
      points: [Array]
    }
  ],
  signatureHash: '5940b88aa34c7fd8abab0ed8c035659b013c9d62ecce71ec5cf94e5056f51516'
}

> gdpr-consent-api@1.0.0 start
> node server.js

API listening on port 3000
[Consent Submit] {
  token: '84d7a125bb9c102057a6344f7eab4518',
  signed_at: '2025-07-15T09:37:26.586Z',
  ip: '153.1.160.80',
  userAgent: 'Mozilla/5.0 (Windows NT 10.0; Win64; x64) AppleWebKit/537.36 (KHTML, like Gecko) Chrome/137.0.0.0 Safari/537.36',
  signatureLength: 17756,
  signature_data: [
    {
      dotSize: 0,
      minWidth: 0.5,
      maxWidth: 2.5,
      penColor: 'black',
      points: [Array]
    },
    {
      dotSize: 0,
      minWidth: 0.5,
      maxWidth: 2.5,
      penColor: 'black',
      points: [Array]
    },
    {
      dotSize: 0,
      minWidth: 0.5,
      maxWidth: 2.5,
      penColor: 'black',
      points: [Array]
    },
    {
      dotSize: 0,
      minWidth: 0.5,
      maxWidth: 2.5,
      penColor: 'black',
      points: [Array]
    },
    {
      dotSize: 0,
      minWidth: 0.5,
      maxWidth: 2.5,
      penColor: 'black',
      points: [Array]
    },
    {
      dotSize: 0,
      minWidth: 0.5,
      maxWidth: 2.5,
      penColor: 'black',
      points: [Array]
    },
    {
      dotSize: 0,
      minWidth: 0.5,
      maxWidth: 2.5,
      penColor: 'black',
      points: [Array]
    },
    {
      dotSize: 0,
      minWidth: 0.5,
      maxWidth: 2.5,
      penColor: 'black',
      points: [Array]
    },
    {
      dotSize: 0,
      minWidth: 0.5,
      maxWidth: 2.5,
      penColor: 'black',
      points: [Array]
    }
  ],
  signatureHash: '5547aeb9de1c4371c470a741d7006199a3f363c6abd379d05bb3bca0c5f83f54'
}
[Consent Submit] {
  token: '2e997bc7461f5251885bc77fc3c198ac',
  signed_at: '2025-07-15T13:25:33.028Z',
  ip: '153.1.77.107',
  userAgent: 'Mozilla/5.0 (Windows NT 10.0; Win64; x64) AppleWebKit/537.36 (KHTML, like Gecko) Chrome/137.0.0.0 Safari/537.36',
  signatureLength: 15108,
  signature_data: [
    {
      dotSize: 0,
      minWidth: 0.5,
      maxWidth: 2.5,
      penColor: 'black',
      points: [Array]
    },
    {
      dotSize: 0,
      minWidth: 0.5,
      maxWidth: 2.5,
      penColor: 'black',
      points: [Array]
    },
    {
      dotSize: 0,
      minWidth: 0.5,
      maxWidth: 2.5,
      penColor: 'black',
      points: [Array]
    },
    {
      dotSize: 0,
      minWidth: 0.5,
      maxWidth: 2.5,
      penColor: 'black',
      points: [Array]
    },
    {
      dotSize: 0,
      minWidth: 0.5,
      maxWidth: 2.5,
      penColor: 'black',
      points: [Array]
    },
    {
      dotSize: 0,
      minWidth: 0.5,
      maxWidth: 2.5,
      penColor: 'black',
      points: [Array]
    }
  ],
  signatureHash: '797818969425445124e74e4b4ea49f33affdba005e458e3ba1bb56ff91be3f28'
}
[Consent Submit] {
  token: 'adb09b55ae64f8cbd764d22c347c9fd0',
  signed_at: '2025-07-15T14:19:31.132Z',
  ip: '153.1.77.107',
  userAgent: 'Mozilla/5.0 (Windows NT 10.0; Win64; x64) AppleWebKit/537.36 (KHTML, like Gecko) Chrome/137.0.0.0 Safari/537.36',
  signatureLength: 10720,
  signature_data: [
    {
      dotSize: 0,
      minWidth: 0.5,
      maxWidth: 2.5,
      penColor: 'black',
      points: [Array]
    },
    {
      dotSize: 0,
      minWidth: 0.5,
      maxWidth: 2.5,
      penColor: 'black',
      points: [Array]
    },
    {
      dotSize: 0,
      minWidth: 0.5,
      maxWidth: 2.5,
      penColor: 'black',
      points: [Array]
    }
  ],
  signatureHash: '6852545d1c3a6e6475f336ffa1b95246e43e2669a490e3fc309eb26076df3f90'
}
[Consent Submit Error] Error: Duplicate entry '17' for key 'candidate_signatures.candidate_id'
    at PromisePool.execute (/var/www/gdpr-consent/backend/node_modules/mysql2/lib/promise/pool.js:54:22)
    at /var/www/gdpr-consent/backend/server.js:138:16
    at process.processTicksAndRejections (node:internal/process/task_queues:95:5)
[Consent Submit] {
  token: 'bbf07b8773209fa84e9d94bff83012f5',
  signed_at: '2025-07-15T14:19:59.735Z',
  ip: '153.1.77.107',
  userAgent: 'Mozilla/5.0 (Windows NT 10.0; Win64; x64) AppleWebKit/537.36 (KHTML, like Gecko) Chrome/137.0.0.0 Safari/537.36',
  signatureLength: 12524,
  signature_data: [
    {
      dotSize: 0,
      minWidth: 0.5,
      maxWidth: 2.5,
      penColor: 'black',
      points: [Array]
    },
    {
      dotSize: 0,
      minWidth: 0.5,
      maxWidth: 2.5,
      penColor: 'black',
      points: [Array]
    }
  ],
  signatureHash: 'd2ae02efbded29ac5b220911f4e83c9b3994a56e8775175a07d17e96a991c223'
}
[Consent Submit Error] Error: Duplicate entry '11' for key 'candidate_signatures.candidate_id'
    at PromisePool.execute (/var/www/gdpr-consent/backend/node_modules/mysql2/lib/promise/pool.js:54:22)
    at /var/www/gdpr-consent/backend/server.js:138:16
    at process.processTicksAndRejections (node:internal/process/task_queues:95:5)
[Consent Submit] {
  token: 'bbf07b8773209fa84e9d94bff83012f5',
  signed_at: '2025-07-15T14:20:04.835Z',
  ip: '153.1.77.107',
  userAgent: 'Mozilla/5.0 (Windows NT 10.0; Win64; x64) AppleWebKit/537.36 (KHTML, like Gecko) Chrome/137.0.0.0 Safari/537.36',
  signatureLength: 13968,
  signature_data: [
    {
      dotSize: 0,
      minWidth: 0.5,
      maxWidth: 2.5,
      penColor: 'black',
      points: [Array]
    }
  ],
  signatureHash: '406e5aa5c00ec3a7c3249dcaf4bd038ab5bbb6da8a4a2462a27c8a4e570f0841'
}
[Consent Submit Error] Error: Duplicate entry '11' for key 'candidate_signatures.candidate_id'
    at PromisePool.execute (/var/www/gdpr-consent/backend/node_modules/mysql2/lib/promise/pool.js:54:22)
    at /var/www/gdpr-consent/backend/server.js:138:16
    at process.processTicksAndRejections (node:internal/process/task_queues:95:5)
[Consent Submit] {
  token: '5acd9b36cacf42a7ec1831f8c9b2aed1',
  signed_at: '2025-07-15T14:20:21.420Z',
  ip: '153.1.77.107',
  userAgent: 'Mozilla/5.0 (Windows NT 10.0; Win64; x64) AppleWebKit/537.36 (KHTML, like Gecko) Chrome/137.0.0.0 Safari/537.36',
  signatureLength: 12368,
  signature_data: [
    {
      dotSize: 0,
      minWidth: 0.5,
      maxWidth: 2.5,
      penColor: 'black',
      points: [Array]
    },
    {
      dotSize: 0,
      minWidth: 0.5,
      maxWidth: 2.5,
      penColor: 'black',
      points: [Array]
    },
    {
      dotSize: 0,
      minWidth: 0.5,
      maxWidth: 2.5,
      penColor: 'black',
      points: [Array]
    },
    {
      dotSize: 0,
      minWidth: 0.5,
      maxWidth: 2.5,
      penColor: 'black',
      points: [Array]
    },
    {
      dotSize: 0,
      minWidth: 0.5,
      maxWidth: 2.5,
      penColor: 'black',
      points: [Array]
    },
    {
      dotSize: 0,
      minWidth: 0.5,
      maxWidth: 2.5,
      penColor: 'black',
      points: [Array]
    },
    {
      dotSize: 0,
      minWidth: 0.5,
      maxWidth: 2.5,
      penColor: 'black',
      points: [Array]
    },
    {
      dotSize: 0,
      minWidth: 0.5,
      maxWidth: 2.5,
      penColor: 'black',
      points: [Array]
    },
    {
      dotSize: 0,
      minWidth: 0.5,
      maxWidth: 2.5,
      penColor: 'black',
      points: [Array]
    },
    {
      dotSize: 0,
      minWidth: 0.5,
      maxWidth: 2.5,
      penColor: 'black',
      points: [Array]
    }
  ],
  signatureHash: '90dd59fa684ae869bd6553b001540ab32a12048f6a6d465853d4063349b33966'
}

> gdpr-consent-api@1.0.0 start
> node server.js

API listening on port 3000
Killed

> gdpr-consent-api@1.0.0 start
> node server.js

API listening on port 3000

> gdpr-consent-api@1.0.0 start
> node server.js

API listening on port 3000
Error: connect ECONNREFUSED 172.31.37.6:3306
    at PromisePool.execute (/var/www/gdpr-consent/backend/node_modules/mysql2/lib/promise/pool.js:54:22)
    at /var/www/gdpr-consent/backend/server.js:39:35
    at Layer.handle [as handle_request] (/var/www/gdpr-consent/backend/node_modules/express/lib/router/layer.js:95:5)
    at next (/var/www/gdpr-consent/backend/node_modules/express/lib/router/route.js:149:13)
    at Route.dispatch (/var/www/gdpr-consent/backend/node_modules/express/lib/router/route.js:119:3)
    at Layer.handle [as handle_request] (/var/www/gdpr-consent/backend/node_modules/express/lib/router/layer.js:95:5)
    at /var/www/gdpr-consent/backend/node_modules/express/lib/router/index.js:284:15
    at Function.process_params (/var/www/gdpr-consent/backend/node_modules/express/lib/router/index.js:346:12)
    at next (/var/www/gdpr-consent/backend/node_modules/express/lib/router/index.js:280:10)
    at /var/www/gdpr-consent/backend/node_modules/body-parser/lib/read.js:137:5 {
  code: 'ECONNREFUSED',
  errno: -111,
  sql: undefined,
  sqlState: undefined,
  sqlMessage: undefined
}
Error: connect ECONNREFUSED 172.31.37.6:3306
    at PromisePool.execute (/var/www/gdpr-consent/backend/node_modules/mysql2/lib/promise/pool.js:54:22)
    at /var/www/gdpr-consent/backend/server.js:39:35
    at Layer.handle [as handle_request] (/var/www/gdpr-consent/backend/node_modules/express/lib/router/layer.js:95:5)
    at next (/var/www/gdpr-consent/backend/node_modules/express/lib/router/route.js:149:13)
    at Route.dispatch (/var/www/gdpr-consent/backend/node_modules/express/lib/router/route.js:119:3)
    at Layer.handle [as handle_request] (/var/www/gdpr-consent/backend/node_modules/express/lib/router/layer.js:95:5)
    at /var/www/gdpr-consent/backend/node_modules/express/lib/router/index.js:284:15
    at Function.process_params (/var/www/gdpr-consent/backend/node_modules/express/lib/router/index.js:346:12)
    at next (/var/www/gdpr-consent/backend/node_modules/express/lib/router/index.js:280:10)
    at /var/www/gdpr-consent/backend/node_modules/body-parser/lib/read.js:137:5 {
  code: 'ECONNREFUSED',
  errno: -111,
  sql: undefined,
  sqlState: undefined,
  sqlMessage: undefined
}
Error: connect ECONNREFUSED 172.31.37.6:3306
    at PromisePool.execute (/var/www/gdpr-consent/backend/node_modules/mysql2/lib/promise/pool.js:54:22)
    at /var/www/gdpr-consent/backend/server.js:39:35
    at Layer.handle [as handle_request] (/var/www/gdpr-consent/backend/node_modules/express/lib/router/layer.js:95:5)
    at next (/var/www/gdpr-consent/backend/node_modules/express/lib/router/route.js:149:13)
    at Route.dispatch (/var/www/gdpr-consent/backend/node_modules/express/lib/router/route.js:119:3)
    at Layer.handle [as handle_request] (/var/www/gdpr-consent/backend/node_modules/express/lib/router/layer.js:95:5)
    at /var/www/gdpr-consent/backend/node_modules/express/lib/router/index.js:284:15
    at Function.process_params (/var/www/gdpr-consent/backend/node_modules/express/lib/router/index.js:346:12)
    at next (/var/www/gdpr-consent/backend/node_modules/express/lib/router/index.js:280:10)
    at /var/www/gdpr-consent/backend/node_modules/body-parser/lib/read.js:137:5 {
  code: 'ECONNREFUSED',
  errno: -111,
  sql: undefined,
  sqlState: undefined,
  sqlMessage: undefined
}
Error: connect ECONNREFUSED 172.31.37.6:3306
    at PromisePool.execute (/var/www/gdpr-consent/backend/node_modules/mysql2/lib/promise/pool.js:54:22)
    at /var/www/gdpr-consent/backend/server.js:39:35
    at Layer.handle [as handle_request] (/var/www/gdpr-consent/backend/node_modules/express/lib/router/layer.js:95:5)
    at next (/var/www/gdpr-consent/backend/node_modules/express/lib/router/route.js:149:13)
    at Route.dispatch (/var/www/gdpr-consent/backend/node_modules/express/lib/router/route.js:119:3)
    at Layer.handle [as handle_request] (/var/www/gdpr-consent/backend/node_modules/express/lib/router/layer.js:95:5)
    at /var/www/gdpr-consent/backend/node_modules/express/lib/router/index.js:284:15
    at Function.process_params (/var/www/gdpr-consent/backend/node_modules/express/lib/router/index.js:346:12)
    at next (/var/www/gdpr-consent/backend/node_modules/express/lib/router/index.js:280:10)
    at /var/www/gdpr-consent/backend/node_modules/body-parser/lib/read.js:137:5 {
  code: 'ECONNREFUSED',
  errno: -111,
  sql: undefined,
  sqlState: undefined,
  sqlMessage: undefined
}
Error: connect ECONNREFUSED 172.31.37.6:3306
    at PromisePool.execute (/var/www/gdpr-consent/backend/node_modules/mysql2/lib/promise/pool.js:54:22)
    at /var/www/gdpr-consent/backend/server.js:39:35
    at Layer.handle [as handle_request] (/var/www/gdpr-consent/backend/node_modules/express/lib/router/layer.js:95:5)
    at next (/var/www/gdpr-consent/backend/node_modules/express/lib/router/route.js:149:13)
    at Route.dispatch (/var/www/gdpr-consent/backend/node_modules/express/lib/router/route.js:119:3)
    at Layer.handle [as handle_request] (/var/www/gdpr-consent/backend/node_modules/express/lib/router/layer.js:95:5)
    at /var/www/gdpr-consent/backend/node_modules/express/lib/router/index.js:284:15
    at Function.process_params (/var/www/gdpr-consent/backend/node_modules/express/lib/router/index.js:346:12)
    at next (/var/www/gdpr-consent/backend/node_modules/express/lib/router/index.js:280:10)
    at /var/www/gdpr-consent/backend/node_modules/body-parser/lib/read.js:137:5 {
  code: 'ECONNREFUSED',
  errno: -111,
  sql: undefined,
  sqlState: undefined,
  sqlMessage: undefined
}
Error: connect ECONNREFUSED 172.31.37.6:3306
    at PromisePool.execute (/var/www/gdpr-consent/backend/node_modules/mysql2/lib/promise/pool.js:54:22)
    at /var/www/gdpr-consent/backend/server.js:39:35
    at Layer.handle [as handle_request] (/var/www/gdpr-consent/backend/node_modules/express/lib/router/layer.js:95:5)
    at next (/var/www/gdpr-consent/backend/node_modules/express/lib/router/route.js:149:13)
    at Route.dispatch (/var/www/gdpr-consent/backend/node_modules/express/lib/router/route.js:119:3)
    at Layer.handle [as handle_request] (/var/www/gdpr-consent/backend/node_modules/express/lib/router/layer.js:95:5)
    at /var/www/gdpr-consent/backend/node_modules/express/lib/router/index.js:284:15
    at Function.process_params (/var/www/gdpr-consent/backend/node_modules/express/lib/router/index.js:346:12)
    at next (/var/www/gdpr-consent/backend/node_modules/express/lib/router/index.js:280:10)
    at /var/www/gdpr-consent/backend/node_modules/body-parser/lib/read.js:137:5 {
  code: 'ECONNREFUSED',
  errno: -111,
  sql: undefined,
  sqlState: undefined,
  sqlMessage: undefined
}
Error: connect ECONNREFUSED 172.31.37.6:3306
    at PromisePool.execute (/var/www/gdpr-consent/backend/node_modules/mysql2/lib/promise/pool.js:54:22)
    at /var/www/gdpr-consent/backend/server.js:39:35
    at Layer.handle [as handle_request] (/var/www/gdpr-consent/backend/node_modules/express/lib/router/layer.js:95:5)
    at next (/var/www/gdpr-consent/backend/node_modules/express/lib/router/route.js:149:13)
    at Route.dispatch (/var/www/gdpr-consent/backend/node_modules/express/lib/router/route.js:119:3)
    at Layer.handle [as handle_request] (/var/www/gdpr-consent/backend/node_modules/express/lib/router/layer.js:95:5)
    at /var/www/gdpr-consent/backend/node_modules/express/lib/router/index.js:284:15
    at Function.process_params (/var/www/gdpr-consent/backend/node_modules/express/lib/router/index.js:346:12)
    at next (/var/www/gdpr-consent/backend/node_modules/express/lib/router/index.js:280:10)
    at /var/www/gdpr-consent/backend/node_modules/body-parser/lib/read.js:137:5 {
  code: 'ECONNREFUSED',
  errno: -111,
  sql: undefined,
  sqlState: undefined,
  sqlMessage: undefined
}
Error: connect ECONNREFUSED 172.31.37.6:3306
    at PromisePool.execute (/var/www/gdpr-consent/backend/node_modules/mysql2/lib/promise/pool.js:54:22)
    at /var/www/gdpr-consent/backend/server.js:39:35
    at Layer.handle [as handle_request] (/var/www/gdpr-consent/backend/node_modules/express/lib/router/layer.js:95:5)
    at next (/var/www/gdpr-consent/backend/node_modules/express/lib/router/route.js:149:13)
    at Route.dispatch (/var/www/gdpr-consent/backend/node_modules/express/lib/router/route.js:119:3)
    at Layer.handle [as handle_request] (/var/www/gdpr-consent/backend/node_modules/express/lib/router/layer.js:95:5)
    at /var/www/gdpr-consent/backend/node_modules/express/lib/router/index.js:284:15
    at Function.process_params (/var/www/gdpr-consent/backend/node_modules/express/lib/router/index.js:346:12)
    at next (/var/www/gdpr-consent/backend/node_modules/express/lib/router/index.js:280:10)
    at /var/www/gdpr-consent/backend/node_modules/body-parser/lib/read.js:137:5 {
  code: 'ECONNREFUSED',
  errno: -111,
  sql: undefined,
  sqlState: undefined,
  sqlMessage: undefined
}
Error: connect ECONNREFUSED 172.31.37.6:3306
    at PromisePool.execute (/var/www/gdpr-consent/backend/node_modules/mysql2/lib/promise/pool.js:54:22)
    at /var/www/gdpr-consent/backend/server.js:39:35
    at Layer.handle [as handle_request] (/var/www/gdpr-consent/backend/node_modules/express/lib/router/layer.js:95:5)
    at next (/var/www/gdpr-consent/backend/node_modules/express/lib/router/route.js:149:13)
    at Route.dispatch (/var/www/gdpr-consent/backend/node_modules/express/lib/router/route.js:119:3)
    at Layer.handle [as handle_request] (/var/www/gdpr-consent/backend/node_modules/express/lib/router/layer.js:95:5)
    at /var/www/gdpr-consent/backend/node_modules/express/lib/router/index.js:284:15
    at Function.process_params (/var/www/gdpr-consent/backend/node_modules/express/lib/router/index.js:346:12)
    at next (/var/www/gdpr-consent/backend/node_modules/express/lib/router/index.js:280:10)
    at /var/www/gdpr-consent/backend/node_modules/body-parser/lib/read.js:137:5 {
  code: 'ECONNREFUSED',
  errno: -111,
  sql: undefined,
  sqlState: undefined,
  sqlMessage: undefined
}
Error: connect ECONNREFUSED 172.31.37.6:3306
    at PromisePool.execute (/var/www/gdpr-consent/backend/node_modules/mysql2/lib/promise/pool.js:54:22)
    at /var/www/gdpr-consent/backend/server.js:39:35
    at Layer.handle [as handle_request] (/var/www/gdpr-consent/backend/node_modules/express/lib/router/layer.js:95:5)
    at next (/var/www/gdpr-consent/backend/node_modules/express/lib/router/route.js:149:13)
    at Route.dispatch (/var/www/gdpr-consent/backend/node_modules/express/lib/router/route.js:119:3)
    at Layer.handle [as handle_request] (/var/www/gdpr-consent/backend/node_modules/express/lib/router/layer.js:95:5)
    at /var/www/gdpr-consent/backend/node_modules/express/lib/router/index.js:284:15
    at Function.process_params (/var/www/gdpr-consent/backend/node_modules/express/lib/router/index.js:346:12)
    at next (/var/www/gdpr-consent/backend/node_modules/express/lib/router/index.js:280:10)
    at /var/www/gdpr-consent/backend/node_modules/body-parser/lib/read.js:137:5 {
  code: 'ECONNREFUSED',
  errno: -111,
  sql: undefined,
  sqlState: undefined,
  sqlMessage: undefined
}
Error: connect ECONNREFUSED 172.31.37.6:3306
    at PromisePool.execute (/var/www/gdpr-consent/backend/node_modules/mysql2/lib/promise/pool.js:54:22)
    at /var/www/gdpr-consent/backend/server.js:39:35
    at Layer.handle [as handle_request] (/var/www/gdpr-consent/backend/node_modules/express/lib/router/layer.js:95:5)
    at next (/var/www/gdpr-consent/backend/node_modules/express/lib/router/route.js:149:13)
    at Route.dispatch (/var/www/gdpr-consent/backend/node_modules/express/lib/router/route.js:119:3)
    at Layer.handle [as handle_request] (/var/www/gdpr-consent/backend/node_modules/express/lib/router/layer.js:95:5)
    at /var/www/gdpr-consent/backend/node_modules/express/lib/router/index.js:284:15
    at Function.process_params (/var/www/gdpr-consent/backend/node_modules/express/lib/router/index.js:346:12)
    at next (/var/www/gdpr-consent/backend/node_modules/express/lib/router/index.js:280:10)
    at /var/www/gdpr-consent/backend/node_modules/body-parser/lib/read.js:137:5 {
  code: 'ECONNREFUSED',
  errno: -111,
  sql: undefined,
  sqlState: undefined,
  sqlMessage: undefined
}
Error: connect ECONNREFUSED 172.31.37.6:3306
    at PromisePool.execute (/var/www/gdpr-consent/backend/node_modules/mysql2/lib/promise/pool.js:54:22)
    at /var/www/gdpr-consent/backend/server.js:39:35
    at Layer.handle [as handle_request] (/var/www/gdpr-consent/backend/node_modules/express/lib/router/layer.js:95:5)
    at next (/var/www/gdpr-consent/backend/node_modules/express/lib/router/route.js:149:13)
    at Route.dispatch (/var/www/gdpr-consent/backend/node_modules/express/lib/router/route.js:119:3)
    at Layer.handle [as handle_request] (/var/www/gdpr-consent/backend/node_modules/express/lib/router/layer.js:95:5)
    at /var/www/gdpr-consent/backend/node_modules/express/lib/router/index.js:284:15
    at Function.process_params (/var/www/gdpr-consent/backend/node_modules/express/lib/router/index.js:346:12)
    at next (/var/www/gdpr-consent/backend/node_modules/express/lib/router/index.js:280:10)
    at /var/www/gdpr-consent/backend/node_modules/body-parser/lib/read.js:137:5 {
  code: 'ECONNREFUSED',
  errno: -111,
  sql: undefined,
  sqlState: undefined,
  sqlMessage: undefined
}
Error: connect ECONNREFUSED 172.31.37.6:3306
    at PromisePool.execute (/var/www/gdpr-consent/backend/node_modules/mysql2/lib/promise/pool.js:54:22)
    at /var/www/gdpr-consent/backend/server.js:39:35
    at Layer.handle [as handle_request] (/var/www/gdpr-consent/backend/node_modules/express/lib/router/layer.js:95:5)
    at next (/var/www/gdpr-consent/backend/node_modules/express/lib/router/route.js:149:13)
    at Route.dispatch (/var/www/gdpr-consent/backend/node_modules/express/lib/router/route.js:119:3)
    at Layer.handle [as handle_request] (/var/www/gdpr-consent/backend/node_modules/express/lib/router/layer.js:95:5)
    at /var/www/gdpr-consent/backend/node_modules/express/lib/router/index.js:284:15
    at Function.process_params (/var/www/gdpr-consent/backend/node_modules/express/lib/router/index.js:346:12)
    at next (/var/www/gdpr-consent/backend/node_modules/express/lib/router/index.js:280:10)
    at /var/www/gdpr-consent/backend/node_modules/body-parser/lib/read.js:137:5 {
  code: 'ECONNREFUSED',
  errno: -111,
  sql: undefined,
  sqlState: undefined,
  sqlMessage: undefined
}
Error: connect ECONNREFUSED 172.31.37.6:3306
    at PromisePool.execute (/var/www/gdpr-consent/backend/node_modules/mysql2/lib/promise/pool.js:54:22)
    at /var/www/gdpr-consent/backend/server.js:39:35
    at Layer.handle [as handle_request] (/var/www/gdpr-consent/backend/node_modules/express/lib/router/layer.js:95:5)
    at next (/var/www/gdpr-consent/backend/node_modules/express/lib/router/route.js:149:13)
    at Route.dispatch (/var/www/gdpr-consent/backend/node_modules/express/lib/router/route.js:119:3)
    at Layer.handle [as handle_request] (/var/www/gdpr-consent/backend/node_modules/express/lib/router/layer.js:95:5)
    at /var/www/gdpr-consent/backend/node_modules/express/lib/router/index.js:284:15
    at Function.process_params (/var/www/gdpr-consent/backend/node_modules/express/lib/router/index.js:346:12)
    at next (/var/www/gdpr-consent/backend/node_modules/express/lib/router/index.js:280:10)
    at /var/www/gdpr-consent/backend/node_modules/body-parser/lib/read.js:137:5 {
  code: 'ECONNREFUSED',
  errno: -111,
  sql: undefined,
  sqlState: undefined,
  sqlMessage: undefined
}
Error: connect ECONNREFUSED 172.31.37.6:3306
    at PromisePool.execute (/var/www/gdpr-consent/backend/node_modules/mysql2/lib/promise/pool.js:54:22)
    at /var/www/gdpr-consent/backend/server.js:39:35
    at Layer.handle [as handle_request] (/var/www/gdpr-consent/backend/node_modules/express/lib/router/layer.js:95:5)
    at next (/var/www/gdpr-consent/backend/node_modules/express/lib/router/route.js:149:13)
    at Route.dispatch (/var/www/gdpr-consent/backend/node_modules/express/lib/router/route.js:119:3)
    at Layer.handle [as handle_request] (/var/www/gdpr-consent/backend/node_modules/express/lib/router/layer.js:95:5)
    at /var/www/gdpr-consent/backend/node_modules/express/lib/router/index.js:284:15
    at Function.process_params (/var/www/gdpr-consent/backend/node_modules/express/lib/router/index.js:346:12)
    at next (/var/www/gdpr-consent/backend/node_modules/express/lib/router/index.js:280:10)
    at /var/www/gdpr-consent/backend/node_modules/body-parser/lib/read.js:137:5 {
  code: 'ECONNREFUSED',
  errno: -111,
  sql: undefined,
  sqlState: undefined,
  sqlMessage: undefined
}
Error: connect ECONNREFUSED 172.31.37.6:3306
    at PromisePool.execute (/var/www/gdpr-consent/backend/node_modules/mysql2/lib/promise/pool.js:54:22)
    at /var/www/gdpr-consent/backend/server.js:39:35
    at Layer.handle [as handle_request] (/var/www/gdpr-consent/backend/node_modules/express/lib/router/layer.js:95:5)
    at next (/var/www/gdpr-consent/backend/node_modules/express/lib/router/route.js:149:13)
    at Route.dispatch (/var/www/gdpr-consent/backend/node_modules/express/lib/router/route.js:119:3)
    at Layer.handle [as handle_request] (/var/www/gdpr-consent/backend/node_modules/express/lib/router/layer.js:95:5)
    at /var/www/gdpr-consent/backend/node_modules/express/lib/router/index.js:284:15
    at Function.process_params (/var/www/gdpr-consent/backend/node_modules/express/lib/router/index.js:346:12)
    at next (/var/www/gdpr-consent/backend/node_modules/express/lib/router/index.js:280:10)
    at /var/www/gdpr-consent/backend/node_modules/body-parser/lib/read.js:137:5 {
  code: 'ECONNREFUSED',
  errno: -111,
  sql: undefined,
  sqlState: undefined,
  sqlMessage: undefined
}
Error: connect ECONNREFUSED 172.31.37.6:3306
    at PromisePool.execute (/var/www/gdpr-consent/backend/node_modules/mysql2/lib/promise/pool.js:54:22)
    at /var/www/gdpr-consent/backend/server.js:39:35
    at Layer.handle [as handle_request] (/var/www/gdpr-consent/backend/node_modules/express/lib/router/layer.js:95:5)
    at next (/var/www/gdpr-consent/backend/node_modules/express/lib/router/route.js:149:13)
    at Route.dispatch (/var/www/gdpr-consent/backend/node_modules/express/lib/router/route.js:119:3)
    at Layer.handle [as handle_request] (/var/www/gdpr-consent/backend/node_modules/express/lib/router/layer.js:95:5)
    at /var/www/gdpr-consent/backend/node_modules/express/lib/router/index.js:284:15
    at Function.process_params (/var/www/gdpr-consent/backend/node_modules/express/lib/router/index.js:346:12)
    at next (/var/www/gdpr-consent/backend/node_modules/express/lib/router/index.js:280:10)
    at /var/www/gdpr-consent/backend/node_modules/body-parser/lib/read.js:137:5 {
  code: 'ECONNREFUSED',
  errno: -111,
  sql: undefined,
  sqlState: undefined,
  sqlMessage: undefined
}
Error: connect ECONNREFUSED 172.31.37.6:3306
    at PromisePool.execute (/var/www/gdpr-consent/backend/node_modules/mysql2/lib/promise/pool.js:54:22)
    at /var/www/gdpr-consent/backend/server.js:39:35
    at Layer.handle [as handle_request] (/var/www/gdpr-consent/backend/node_modules/express/lib/router/layer.js:95:5)
    at next (/var/www/gdpr-consent/backend/node_modules/express/lib/router/route.js:149:13)
    at Route.dispatch (/var/www/gdpr-consent/backend/node_modules/express/lib/router/route.js:119:3)
    at Layer.handle [as handle_request] (/var/www/gdpr-consent/backend/node_modules/express/lib/router/layer.js:95:5)
    at /var/www/gdpr-consent/backend/node_modules/express/lib/router/index.js:284:15
    at Function.process_params (/var/www/gdpr-consent/backend/node_modules/express/lib/router/index.js:346:12)
    at next (/var/www/gdpr-consent/backend/node_modules/express/lib/router/index.js:280:10)
    at /var/www/gdpr-consent/backend/node_modules/body-parser/lib/read.js:137:5 {
  code: 'ECONNREFUSED',
  errno: -111,
  sql: undefined,
  sqlState: undefined,
  sqlMessage: undefined
}
Error: connect ECONNREFUSED 172.31.37.6:3306
    at PromisePool.execute (/var/www/gdpr-consent/backend/node_modules/mysql2/lib/promise/pool.js:54:22)
    at /var/www/gdpr-consent/backend/server.js:39:35
    at Layer.handle [as handle_request] (/var/www/gdpr-consent/backend/node_modules/express/lib/router/layer.js:95:5)
    at next (/var/www/gdpr-consent/backend/node_modules/express/lib/router/route.js:149:13)
    at Route.dispatch (/var/www/gdpr-consent/backend/node_modules/express/lib/router/route.js:119:3)
    at Layer.handle [as handle_request] (/var/www/gdpr-consent/backend/node_modules/express/lib/router/layer.js:95:5)
    at /var/www/gdpr-consent/backend/node_modules/express/lib/router/index.js:284:15
    at Function.process_params (/var/www/gdpr-consent/backend/node_modules/express/lib/router/index.js:346:12)
    at next (/var/www/gdpr-consent/backend/node_modules/express/lib/router/index.js:280:10)
    at /var/www/gdpr-consent/backend/node_modules/body-parser/lib/read.js:137:5 {
  code: 'ECONNREFUSED',
  errno: -111,
  sql: undefined,
  sqlState: undefined,
  sqlMessage: undefined
}
Error: connect ECONNREFUSED 172.31.37.6:3306
    at PromisePool.execute (/var/www/gdpr-consent/backend/node_modules/mysql2/lib/promise/pool.js:54:22)
    at /var/www/gdpr-consent/backend/server.js:39:35
    at Layer.handle [as handle_request] (/var/www/gdpr-consent/backend/node_modules/express/lib/router/layer.js:95:5)
    at next (/var/www/gdpr-consent/backend/node_modules/express/lib/router/route.js:149:13)
    at Route.dispatch (/var/www/gdpr-consent/backend/node_modules/express/lib/router/route.js:119:3)
    at Layer.handle [as handle_request] (/var/www/gdpr-consent/backend/node_modules/express/lib/router/layer.js:95:5)
    at /var/www/gdpr-consent/backend/node_modules/express/lib/router/index.js:284:15
    at Function.process_params (/var/www/gdpr-consent/backend/node_modules/express/lib/router/index.js:346:12)
    at next (/var/www/gdpr-consent/backend/node_modules/express/lib/router/index.js:280:10)
    at /var/www/gdpr-consent/backend/node_modules/body-parser/lib/read.js:137:5 {
  code: 'ECONNREFUSED',
  errno: -111,
  sql: undefined,
  sqlState: undefined,
  sqlMessage: undefined
}
Error: connect ECONNREFUSED 172.31.37.6:3306
    at PromisePool.execute (/var/www/gdpr-consent/backend/node_modules/mysql2/lib/promise/pool.js:54:22)
    at /var/www/gdpr-consent/backend/server.js:39:35
    at Layer.handle [as handle_request] (/var/www/gdpr-consent/backend/node_modules/express/lib/router/layer.js:95:5)
    at next (/var/www/gdpr-consent/backend/node_modules/express/lib/router/route.js:149:13)
    at Route.dispatch (/var/www/gdpr-consent/backend/node_modules/express/lib/router/route.js:119:3)
    at Layer.handle [as handle_request] (/var/www/gdpr-consent/backend/node_modules/express/lib/router/layer.js:95:5)
    at /var/www/gdpr-consent/backend/node_modules/express/lib/router/index.js:284:15
    at Function.process_params (/var/www/gdpr-consent/backend/node_modules/express/lib/router/index.js:346:12)
    at next (/var/www/gdpr-consent/backend/node_modules/express/lib/router/index.js:280:10)
    at /var/www/gdpr-consent/backend/node_modules/body-parser/lib/read.js:137:5 {
  code: 'ECONNREFUSED',
  errno: -111,
  sql: undefined,
  sqlState: undefined,
  sqlMessage: undefined
}
Error: connect ECONNREFUSED 172.31.37.6:3306
    at PromisePool.execute (/var/www/gdpr-consent/backend/node_modules/mysql2/lib/promise/pool.js:54:22)
    at /var/www/gdpr-consent/backend/server.js:39:35
    at Layer.handle [as handle_request] (/var/www/gdpr-consent/backend/node_modules/express/lib/router/layer.js:95:5)
    at next (/var/www/gdpr-consent/backend/node_modules/express/lib/router/route.js:149:13)
    at Route.dispatch (/var/www/gdpr-consent/backend/node_modules/express/lib/router/route.js:119:3)
    at Layer.handle [as handle_request] (/var/www/gdpr-consent/backend/node_modules/express/lib/router/layer.js:95:5)
    at /var/www/gdpr-consent/backend/node_modules/express/lib/router/index.js:284:15
    at Function.process_params (/var/www/gdpr-consent/backend/node_modules/express/lib/router/index.js:346:12)
    at next (/var/www/gdpr-consent/backend/node_modules/express/lib/router/index.js:280:10)
    at /var/www/gdpr-consent/backend/node_modules/body-parser/lib/read.js:137:5 {
  code: 'ECONNREFUSED',
  errno: -111,
  sql: undefined,
  sqlState: undefined,
  sqlMessage: undefined
}
Error: connect ECONNREFUSED 172.31.37.6:3306
    at PromisePool.execute (/var/www/gdpr-consent/backend/node_modules/mysql2/lib/promise/pool.js:54:22)
    at /var/www/gdpr-consent/backend/server.js:39:35
    at Layer.handle [as handle_request] (/var/www/gdpr-consent/backend/node_modules/express/lib/router/layer.js:95:5)
    at next (/var/www/gdpr-consent/backend/node_modules/express/lib/router/route.js:149:13)
    at Route.dispatch (/var/www/gdpr-consent/backend/node_modules/express/lib/router/route.js:119:3)
    at Layer.handle [as handle_request] (/var/www/gdpr-consent/backend/node_modules/express/lib/router/layer.js:95:5)
    at /var/www/gdpr-consent/backend/node_modules/express/lib/router/index.js:284:15
    at Function.process_params (/var/www/gdpr-consent/backend/node_modules/express/lib/router/index.js:346:12)
    at next (/var/www/gdpr-consent/backend/node_modules/express/lib/router/index.js:280:10)
    at /var/www/gdpr-consent/backend/node_modules/body-parser/lib/read.js:137:5 {
  code: 'ECONNREFUSED',
  errno: -111,
  sql: undefined,
  sqlState: undefined,
  sqlMessage: undefined
}
Error: connect ECONNREFUSED 172.31.37.6:3306
    at PromisePool.execute (/var/www/gdpr-consent/backend/node_modules/mysql2/lib/promise/pool.js:54:22)
    at /var/www/gdpr-consent/backend/server.js:39:35
    at Layer.handle [as handle_request] (/var/www/gdpr-consent/backend/node_modules/express/lib/router/layer.js:95:5)
    at next (/var/www/gdpr-consent/backend/node_modules/express/lib/router/route.js:149:13)
    at Route.dispatch (/var/www/gdpr-consent/backend/node_modules/express/lib/router/route.js:119:3)
    at Layer.handle [as handle_request] (/var/www/gdpr-consent/backend/node_modules/express/lib/router/layer.js:95:5)
    at /var/www/gdpr-consent/backend/node_modules/express/lib/router/index.js:284:15
    at Function.process_params (/var/www/gdpr-consent/backend/node_modules/express/lib/router/index.js:346:12)
    at next (/var/www/gdpr-consent/backend/node_modules/express/lib/router/index.js:280:10)
    at /var/www/gdpr-consent/backend/node_modules/body-parser/lib/read.js:137:5 {
  code: 'ECONNREFUSED',
  errno: -111,
  sql: undefined,
  sqlState: undefined,
  sqlMessage: undefined
}
Error: connect ECONNREFUSED 172.31.37.6:3306
    at PromisePool.execute (/var/www/gdpr-consent/backend/node_modules/mysql2/lib/promise/pool.js:54:22)
    at /var/www/gdpr-consent/backend/server.js:39:35
    at Layer.handle [as handle_request] (/var/www/gdpr-consent/backend/node_modules/express/lib/router/layer.js:95:5)
    at next (/var/www/gdpr-consent/backend/node_modules/express/lib/router/route.js:149:13)
    at Route.dispatch (/var/www/gdpr-consent/backend/node_modules/express/lib/router/route.js:119:3)
    at Layer.handle [as handle_request] (/var/www/gdpr-consent/backend/node_modules/express/lib/router/layer.js:95:5)
    at /var/www/gdpr-consent/backend/node_modules/express/lib/router/index.js:284:15
    at Function.process_params (/var/www/gdpr-consent/backend/node_modules/express/lib/router/index.js:346:12)
    at next (/var/www/gdpr-consent/backend/node_modules/express/lib/router/index.js:280:10)
    at /var/www/gdpr-consent/backend/node_modules/body-parser/lib/read.js:137:5 {
  code: 'ECONNREFUSED',
  errno: -111,
  sql: undefined,
  sqlState: undefined,
  sqlMessage: undefined
}
Error: connect ECONNREFUSED 172.31.37.6:3306
    at PromisePool.execute (/var/www/gdpr-consent/backend/node_modules/mysql2/lib/promise/pool.js:54:22)
    at /var/www/gdpr-consent/backend/server.js:39:35
    at Layer.handle [as handle_request] (/var/www/gdpr-consent/backend/node_modules/express/lib/router/layer.js:95:5)
    at next (/var/www/gdpr-consent/backend/node_modules/express/lib/router/route.js:149:13)
    at Route.dispatch (/var/www/gdpr-consent/backend/node_modules/express/lib/router/route.js:119:3)
    at Layer.handle [as handle_request] (/var/www/gdpr-consent/backend/node_modules/express/lib/router/layer.js:95:5)
    at /var/www/gdpr-consent/backend/node_modules/express/lib/router/index.js:284:15
    at Function.process_params (/var/www/gdpr-consent/backend/node_modules/express/lib/router/index.js:346:12)
    at next (/var/www/gdpr-consent/backend/node_modules/express/lib/router/index.js:280:10)
    at /var/www/gdpr-consent/backend/node_modules/body-parser/lib/read.js:137:5 {
  code: 'ECONNREFUSED',
  errno: -111,
  sql: undefined,
  sqlState: undefined,
  sqlMessage: undefined
}
Error: connect ECONNREFUSED 172.31.37.6:3306
    at PromisePool.execute (/var/www/gdpr-consent/backend/node_modules/mysql2/lib/promise/pool.js:54:22)
    at /var/www/gdpr-consent/backend/server.js:39:35
    at Layer.handle [as handle_request] (/var/www/gdpr-consent/backend/node_modules/express/lib/router/layer.js:95:5)
    at next (/var/www/gdpr-consent/backend/node_modules/express/lib/router/route.js:149:13)
    at Route.dispatch (/var/www/gdpr-consent/backend/node_modules/express/lib/router/route.js:119:3)
    at Layer.handle [as handle_request] (/var/www/gdpr-consent/backend/node_modules/express/lib/router/layer.js:95:5)
    at /var/www/gdpr-consent/backend/node_modules/express/lib/router/index.js:284:15
    at Function.process_params (/var/www/gdpr-consent/backend/node_modules/express/lib/router/index.js:346:12)
    at next (/var/www/gdpr-consent/backend/node_modules/express/lib/router/index.js:280:10)
    at /var/www/gdpr-consent/backend/node_modules/body-parser/lib/read.js:137:5 {
  code: 'ECONNREFUSED',
  errno: -111,
  sql: undefined,
  sqlState: undefined,
  sqlMessage: undefined
}
Error: connect ECONNREFUSED 172.31.37.6:3306
    at PromisePool.execute (/var/www/gdpr-consent/backend/node_modules/mysql2/lib/promise/pool.js:54:22)
    at /var/www/gdpr-consent/backend/server.js:39:35
    at Layer.handle [as handle_request] (/var/www/gdpr-consent/backend/node_modules/express/lib/router/layer.js:95:5)
    at next (/var/www/gdpr-consent/backend/node_modules/express/lib/router/route.js:149:13)
    at Route.dispatch (/var/www/gdpr-consent/backend/node_modules/express/lib/router/route.js:119:3)
    at Layer.handle [as handle_request] (/var/www/gdpr-consent/backend/node_modules/express/lib/router/layer.js:95:5)
    at /var/www/gdpr-consent/backend/node_modules/express/lib/router/index.js:284:15
    at Function.process_params (/var/www/gdpr-consent/backend/node_modules/express/lib/router/index.js:346:12)
    at next (/var/www/gdpr-consent/backend/node_modules/express/lib/router/index.js:280:10)
    at /var/www/gdpr-consent/backend/node_modules/body-parser/lib/read.js:137:5 {
  code: 'ECONNREFUSED',
  errno: -111,
  sql: undefined,
  sqlState: undefined,
  sqlMessage: undefined
}
Error: connect ECONNREFUSED 172.31.37.6:3306
    at PromisePool.execute (/var/www/gdpr-consent/backend/node_modules/mysql2/lib/promise/pool.js:54:22)
    at /var/www/gdpr-consent/backend/server.js:39:35
    at Layer.handle [as handle_request] (/var/www/gdpr-consent/backend/node_modules/express/lib/router/layer.js:95:5)
    at next (/var/www/gdpr-consent/backend/node_modules/express/lib/router/route.js:149:13)
    at Route.dispatch (/var/www/gdpr-consent/backend/node_modules/express/lib/router/route.js:119:3)
    at Layer.handle [as handle_request] (/var/www/gdpr-consent/backend/node_modules/express/lib/router/layer.js:95:5)
    at /var/www/gdpr-consent/backend/node_modules/express/lib/router/index.js:284:15
    at Function.process_params (/var/www/gdpr-consent/backend/node_modules/express/lib/router/index.js:346:12)
    at next (/var/www/gdpr-consent/backend/node_modules/express/lib/router/index.js:280:10)
    at /var/www/gdpr-consent/backend/node_modules/body-parser/lib/read.js:137:5 {
  code: 'ECONNREFUSED',
  errno: -111,
  sql: undefined,
  sqlState: undefined,
  sqlMessage: undefined
}
Error: connect ECONNREFUSED 172.31.37.6:3306
    at PromisePool.execute (/var/www/gdpr-consent/backend/node_modules/mysql2/lib/promise/pool.js:54:22)
    at /var/www/gdpr-consent/backend/server.js:39:35
    at Layer.handle [as handle_request] (/var/www/gdpr-consent/backend/node_modules/express/lib/router/layer.js:95:5)
    at next (/var/www/gdpr-consent/backend/node_modules/express/lib/router/route.js:149:13)
    at Route.dispatch (/var/www/gdpr-consent/backend/node_modules/express/lib/router/route.js:119:3)
    at Layer.handle [as handle_request] (/var/www/gdpr-consent/backend/node_modules/express/lib/router/layer.js:95:5)
    at /var/www/gdpr-consent/backend/node_modules/express/lib/router/index.js:284:15
    at Function.process_params (/var/www/gdpr-consent/backend/node_modules/express/lib/router/index.js:346:12)
    at next (/var/www/gdpr-consent/backend/node_modules/express/lib/router/index.js:280:10)
    at /var/www/gdpr-consent/backend/node_modules/body-parser/lib/read.js:137:5 {
  code: 'ECONNREFUSED',
  errno: -111,
  sql: undefined,
  sqlState: undefined,
  sqlMessage: undefined
}
Error: connect ECONNREFUSED 172.31.37.6:3306
    at PromisePool.execute (/var/www/gdpr-consent/backend/node_modules/mysql2/lib/promise/pool.js:54:22)
    at /var/www/gdpr-consent/backend/server.js:39:35
    at Layer.handle [as handle_request] (/var/www/gdpr-consent/backend/node_modules/express/lib/router/layer.js:95:5)
    at next (/var/www/gdpr-consent/backend/node_modules/express/lib/router/route.js:149:13)
    at Route.dispatch (/var/www/gdpr-consent/backend/node_modules/express/lib/router/route.js:119:3)
    at Layer.handle [as handle_request] (/var/www/gdpr-consent/backend/node_modules/express/lib/router/layer.js:95:5)
    at /var/www/gdpr-consent/backend/node_modules/express/lib/router/index.js:284:15
    at Function.process_params (/var/www/gdpr-consent/backend/node_modules/express/lib/router/index.js:346:12)
    at next (/var/www/gdpr-consent/backend/node_modules/express/lib/router/index.js:280:10)
    at /var/www/gdpr-consent/backend/node_modules/body-parser/lib/read.js:137:5 {
  code: 'ECONNREFUSED',
  errno: -111,
  sql: undefined,
  sqlState: undefined,
  sqlMessage: undefined
}
Error: connect ECONNREFUSED 172.31.37.6:3306
    at PromisePool.execute (/var/www/gdpr-consent/backend/node_modules/mysql2/lib/promise/pool.js:54:22)
    at /var/www/gdpr-consent/backend/server.js:39:35
    at Layer.handle [as handle_request] (/var/www/gdpr-consent/backend/node_modules/express/lib/router/layer.js:95:5)
    at next (/var/www/gdpr-consent/backend/node_modules/express/lib/router/route.js:149:13)
    at Route.dispatch (/var/www/gdpr-consent/backend/node_modules/express/lib/router/route.js:119:3)
    at Layer.handle [as handle_request] (/var/www/gdpr-consent/backend/node_modules/express/lib/router/layer.js:95:5)
    at /var/www/gdpr-consent/backend/node_modules/express/lib/router/index.js:284:15
    at Function.process_params (/var/www/gdpr-consent/backend/node_modules/express/lib/router/index.js:346:12)
    at next (/var/www/gdpr-consent/backend/node_modules/express/lib/router/index.js:280:10)
    at /var/www/gdpr-consent/backend/node_modules/body-parser/lib/read.js:137:5 {
  code: 'ECONNREFUSED',
  errno: -111,
  sql: undefined,
  sqlState: undefined,
  sqlMessage: undefined
}
[signature-by-email error] Error: connect ECONNREFUSED 172.31.37.6:3306
    at PromisePool.execute (/var/www/gdpr-consent/backend/node_modules/mysql2/lib/promise/pool.js:54:22)
    at /var/www/gdpr-consent/backend/server.js:181:31
    at Layer.handle [as handle_request] (/var/www/gdpr-consent/backend/node_modules/express/lib/router/layer.js:95:5)
    at next (/var/www/gdpr-consent/backend/node_modules/express/lib/router/route.js:149:13)
    at Route.dispatch (/var/www/gdpr-consent/backend/node_modules/express/lib/router/route.js:119:3)
    at Layer.handle [as handle_request] (/var/www/gdpr-consent/backend/node_modules/express/lib/router/layer.js:95:5)
    at /var/www/gdpr-consent/backend/node_modules/express/lib/router/index.js:284:15
    at Function.process_params (/var/www/gdpr-consent/backend/node_modules/express/lib/router/index.js:346:12)
    at next (/var/www/gdpr-consent/backend/node_modules/express/lib/router/index.js:280:10)
    at jsonParser (/var/www/gdpr-consent/backend/node_modules/body-parser/lib/types/json.js:113:7)
Killed

> gdpr-consent-api@1.0.0 start
> node server.js

API listening on port 3000
Killed

> gdpr-consent-api@1.0.0 start
> node server.js

API listening on port 3000
[Consent Submit] {
  token: 'bcd2aa703e927c3de53ae63256a83080',
  signed_at: '2025-07-22T19:27:23.487Z',
  ip: '81.197.176.240',
  userAgent: 'Mozilla/5.0 (Windows NT 10.0; Win64; x64) AppleWebKit/537.36 (KHTML, like Gecko) Chrome/137.0.0.0 Safari/537.36',
  signatureLength: 19180,
  signature_data: [
    {
      dotSize: 0,
      minWidth: 0.5,
      maxWidth: 2.5,
      penColor: 'black',
      points: [Array]
    },
    {
      dotSize: 0,
      minWidth: 0.5,
      maxWidth: 2.5,
      penColor: 'black',
      points: [Array]
    },
    {
      dotSize: 0,
      minWidth: 0.5,
      maxWidth: 2.5,
      penColor: 'black',
      points: [Array]
    },
    {
      dotSize: 0,
      minWidth: 0.5,
      maxWidth: 2.5,
      penColor: 'black',
      points: [Array]
    },
    {
      dotSize: 0,
      minWidth: 0.5,
      maxWidth: 2.5,
      penColor: 'black',
      points: [Array]
    },
    {
      dotSize: 0,
      minWidth: 0.5,
      maxWidth: 2.5,
      penColor: 'black',
      points: [Array]
    },
    {
      dotSize: 0,
      minWidth: 0.5,
      maxWidth: 2.5,
      penColor: 'black',
      points: [Array]
    },
    {
      dotSize: 0,
      minWidth: 0.5,
      maxWidth: 2.5,
      penColor: 'black',
      points: [Array]
    },
    {
      dotSize: 0,
      minWidth: 0.5,
      maxWidth: 2.5,
      penColor: 'black',
      points: [Array]
    },
    {
      dotSize: 0,
      minWidth: 0.5,
      maxWidth: 2.5,
      penColor: 'black',
      points: [Array]
    },
    {
      dotSize: 0,
      minWidth: 0.5,
      maxWidth: 2.5,
      penColor: 'black',
      points: [Array]
    }
  ],
  signatureHash: 'a6c946bc697732b0462315abdc4046cda113e1cc8f8b6ad3e7d225f8c5017bf5'
}
[Consent Submit] {
  token: 'ed707cd4091462336dd35ab82191d158',
  signed_at: '2025-07-23T08:30:32.897Z',
  ip: '81.197.176.240',
  userAgent: 'Mozilla/5.0 (Windows NT 10.0; Win64; x64) AppleWebKit/537.36 (KHTML, like Gecko) Chrome/137.0.0.0 Safari/537.36',
  signatureLength: 11672,
  signature_data: [
    {
      dotSize: 0,
      minWidth: 0.5,
      maxWidth: 2.5,
      penColor: 'black',
      points: [Array]
    }
  ],
  signatureHash: '63a61ca5beabc70b327c7b0de71299e0621b8066b9dacd7018ded3f1d3a211a9'
}
[Consent Submit] {
  token: 'f422c8e4ac1a48e67c90b71d28aec090',
  signed_at: '2025-07-23T08:39:42.357Z',
  ip: '81.197.176.240',
  userAgent: 'Mozilla/5.0 (Windows NT 10.0; Win64; x64) AppleWebKit/537.36 (KHTML, like Gecko) Chrome/137.0.0.0 Safari/537.36',
  signatureLength: 23384,
  signature_data: [
    {
      dotSize: 0,
      minWidth: 0.5,
      maxWidth: 2.5,
      penColor: 'black',
      points: [Array]
    },
    {
      dotSize: 0,
      minWidth: 0.5,
      maxWidth: 2.5,
      penColor: 'black',
      points: [Array]
    },
    {
      dotSize: 0,
      minWidth: 0.5,
      maxWidth: 2.5,
      penColor: 'black',
      points: [Array]
    },
    {
      dotSize: 0,
      minWidth: 0.5,
      maxWidth: 2.5,
      penColor: 'black',
      points: [Array]
    },
    {
      dotSize: 0,
      minWidth: 0.5,
      maxWidth: 2.5,
      penColor: 'black',
      points: [Array]
    },
    {
      dotSize: 0,
      minWidth: 0.5,
      maxWidth: 2.5,
      penColor: 'black',
      points: [Array]
    },
    {
      dotSize: 0,
      minWidth: 0.5,
      maxWidth: 2.5,
      penColor: 'black',
      points: [Array]
    },
    {
      dotSize: 0,
      minWidth: 0.5,
      maxWidth: 2.5,
      penColor: 'black',
      points: [Array]
    },
    {
      dotSize: 0,
      minWidth: 0.5,
      maxWidth: 2.5,
      penColor: 'black',
      points: [Array]
    },
    {
      dotSize: 0,
      minWidth: 0.5,
      maxWidth: 2.5,
      penColor: 'black',
      points: [Array]
    },
    {
      dotSize: 0,
      minWidth: 0.5,
      maxWidth: 2.5,
      penColor: 'black',
      points: [Array]
    },
    {
      dotSize: 0,
      minWidth: 0.5,
      maxWidth: 2.5,
      penColor: 'black',
      points: [Array]
    }
  ],
  signatureHash: '2b9fe0b4400226170a1bea9b4f6cfa06bfbe3803e4b77059203e655345539713'
}
[Consent Submit] {
  token: '9c7476d31d1eae1e9552d21b84bd2b36',
  signed_at: '2025-07-23T08:45:51.464Z',
  ip: '81.197.176.240',
  userAgent: 'Mozilla/5.0 (Windows NT 10.0; Win64; x64) AppleWebKit/537.36 (KHTML, like Gecko) Chrome/137.0.0.0 Safari/537.36',
  signatureLength: 20268,
  signature_data: [
    {
      dotSize: 0,
      minWidth: 0.5,
      maxWidth: 2.5,
      penColor: 'black',
      points: [Array]
    },
    {
      dotSize: 0,
      minWidth: 0.5,
      maxWidth: 2.5,
      penColor: 'black',
      points: [Array]
    },
    {
      dotSize: 0,
      minWidth: 0.5,
      maxWidth: 2.5,
      penColor: 'black',
      points: [Array]
    },
    {
      dotSize: 0,
      minWidth: 0.5,
      maxWidth: 2.5,
      penColor: 'black',
      points: [Array]
    },
    {
      dotSize: 0,
      minWidth: 0.5,
      maxWidth: 2.5,
      penColor: 'black',
      points: [Array]
    },
    {
      dotSize: 0,
      minWidth: 0.5,
      maxWidth: 2.5,
      penColor: 'black',
      points: [Array]
    },
    {
      dotSize: 0,
      minWidth: 0.5,
      maxWidth: 2.5,
      penColor: 'black',
      points: [Array]
    },
    {
      dotSize: 0,
      minWidth: 0.5,
      maxWidth: 2.5,
      penColor: 'black',
      points: [Array]
    },
    {
      dotSize: 0,
      minWidth: 0.5,
      maxWidth: 2.5,
      penColor: 'black',
      points: [Array]
    },
    {
      dotSize: 0,
      minWidth: 0.5,
      maxWidth: 2.5,
      penColor: 'black',
      points: [Array]
    },
    {
      dotSize: 0,
      minWidth: 0.5,
      maxWidth: 2.5,
      penColor: 'black',
      points: [Array]
    },
    {
      dotSize: 0,
      minWidth: 0.5,
      maxWidth: 2.5,
      penColor: 'black',
      points: [Array]
    }
  ],
  signatureHash: '6d30295c729b0a4c3f00b34d35b73de86ad0965cb554229ea9c7a25e6254380c'
}
[Consent Submit] {
  token: '7c2d68d6ae18a454f7bcc21686a1be49',
  signed_at: '2025-07-23T09:03:57.595Z',
  ip: '81.197.176.240',
  userAgent: 'Mozilla/5.0 (Windows NT 10.0; Win64; x64) AppleWebKit/537.36 (KHTML, like Gecko) Chrome/137.0.0.0 Safari/537.36',
  signatureLength: 22484,
  signature_data: [
    {
      dotSize: 0,
      minWidth: 0.5,
      maxWidth: 2.5,
      penColor: 'black',
      points: [Array]
    },
    {
      dotSize: 0,
      minWidth: 0.5,
      maxWidth: 2.5,
      penColor: 'black',
      points: [Array]
    },
    {
      dotSize: 0,
      minWidth: 0.5,
      maxWidth: 2.5,
      penColor: 'black',
      points: [Array]
    },
    {
      dotSize: 0,
      minWidth: 0.5,
      maxWidth: 2.5,
      penColor: 'black',
      points: [Array]
    },
    {
      dotSize: 0,
      minWidth: 0.5,
      maxWidth: 2.5,
      penColor: 'black',
      points: [Array]
    },
    {
      dotSize: 0,
      minWidth: 0.5,
      maxWidth: 2.5,
      penColor: 'black',
      points: [Array]
    },
    {
      dotSize: 0,
      minWidth: 0.5,
      maxWidth: 2.5,
      penColor: 'black',
      points: [Array]
    },
    {
      dotSize: 0,
      minWidth: 0.5,
      maxWidth: 2.5,
      penColor: 'black',
      points: [Array]
    },
    {
      dotSize: 0,
      minWidth: 0.5,
      maxWidth: 2.5,
      penColor: 'black',
      points: [Array]
    },
    {
      dotSize: 0,
      minWidth: 0.5,
      maxWidth: 2.5,
      penColor: 'black',
      points: [Array]
    },
    {
      dotSize: 0,
      minWidth: 0.5,
      maxWidth: 2.5,
      penColor: 'black',
      points: [Array]
    }
  ],
  signatureHash: '18b3eb030890a12f4f88638a5e35cbf5ad7514a25253b7effe85b00887e290bc'
}
[Consent Submit] {
  token: 'b1e383b21440aea1fc00c5a9d9e69a1b',
  signed_at: '2025-07-23T09:08:00.852Z',
  ip: '81.197.176.240',
  userAgent: 'Mozilla/5.0 (Windows NT 10.0; Win64; x64) AppleWebKit/537.36 (KHTML, like Gecko) Chrome/137.0.0.0 Safari/537.36',
  signatureLength: 12876,
  signature_data: [
    {
      dotSize: 0,
      minWidth: 0.5,
      maxWidth: 2.5,
      penColor: 'black',
      points: [Array]
    },
    {
      dotSize: 0,
      minWidth: 0.5,
      maxWidth: 2.5,
      penColor: 'black',
      points: [Array]
    },
    {
      dotSize: 0,
      minWidth: 0.5,
      maxWidth: 2.5,
      penColor: 'black',
      points: [Array]
    }
  ],
  signatureHash: 'd5444e5497790539d78d4fbcfedd7a12964b90cca9830b45f492118d006e524e'
}
[Consent Submit] {
  token: '373e45b4c36cb1745199f67da0f3d617',
  signed_at: '2025-07-24T10:55:25.325Z',
  ip: '81.197.176.240',
  userAgent: 'Mozilla/5.0 (Linux; Android 15; SM-A546B Build/AP3A.240905.015.A2; wv) AppleWebKit/537.36 (KHTML, like Gecko) Version/4.0 Chrome/116.0.0.0 Mobile Safari/537.36 XWEB/1160117 MMWEBSDK/20250201 MMWEBID/5358 MicroMessenger/8.0.60.2840(0x28003C40) WeChat/arm64 Weixin GPVersion/1 NetType/WIFI Language/zh_CN ABI/arm64',
  signatureLength: 57776,
  signature_data: [
    {
      dotSize: 0,
      minWidth: 0.5,
      maxWidth: 2.5,
      penColor: 'black',
      points: [Array]
    },
    {
      dotSize: 0,
      minWidth: 0.5,
      maxWidth: 2.5,
      penColor: 'black',
      points: [Array]
    },
    {
      dotSize: 0,
      minWidth: 0.5,
      maxWidth: 2.5,
      penColor: 'black',
      points: [Array]
    },
    {
      dotSize: 0,
      minWidth: 0.5,
      maxWidth: 2.5,
      penColor: 'black',
      points: [Array]
    },
    {
      dotSize: 0,
      minWidth: 0.5,
      maxWidth: 2.5,
      penColor: 'black',
      points: [Array]
    }
  ],
  signatureHash: '01fffc05dcbaadc4f8f4189bd679dccf4bee5d662c171642e7977d4cdeab5820'
}
[Consent Submit] {
  token: '31e0615351c54120d1a1b36fe1bf7d5b',
  signed_at: '2025-07-24T17:26:59.189Z',
  ip: '109.40.50.80',
  userAgent: 'Mozilla/5.0 (Linux; Android 15; SM-A546B Build/AP3A.240905.015.A2; wv) AppleWebKit/537.36 (KHTML, like Gecko) Version/4.0 Chrome/116.0.0.0 Mobile Safari/537.36 XWEB/1160117 MMWEBSDK/20250201 MMWEBID/5358 MicroMessenger/8.0.60.2840(0x28003C40) WeChat/arm64 Weixin GPVersion/1 NetType/4G Language/zh_CN ABI/arm64',
  signatureLength: 55860,
  signature_data: [
    {
      dotSize: 0,
      minWidth: 0.5,
      maxWidth: 2.5,
      penColor: 'black',
      points: [Array]
    },
    {
      dotSize: 0,
      minWidth: 0.5,
      maxWidth: 2.5,
      penColor: 'black',
      points: [Array]
    },
    {
      dotSize: 0,
      minWidth: 0.5,
      maxWidth: 2.5,
      penColor: 'black',
      points: [Array]
    },
    {
      dotSize: 0,
      minWidth: 0.5,
      maxWidth: 2.5,
      penColor: 'black',
      points: [Array]
    }
  ],
  signatureHash: 'd47fd64f8cc415230a346b37dcb9a0fa6a1e0f7f5da1495779101b71847ec29b'
}
[Consent Submit] {
  token: '8a2ed385edd272fa72285bec728e24a1',
  signed_at: '2025-07-24T17:27:40.951Z',
  ip: '109.40.50.80',
  userAgent: 'Mozilla/5.0 (Linux; Android 15; SM-A546B Build/AP3A.240905.015.A2; wv) AppleWebKit/537.36 (KHTML, like Gecko) Version/4.0 Chrome/116.0.0.0 Mobile Safari/537.36 XWEB/1160117 MMWEBSDK/20250201 MMWEBID/5358 MicroMessenger/8.0.60.2840(0x28003C40) WeChat/arm64 Weixin GPVersion/1 NetType/4G Language/zh_CN ABI/arm64',
  signatureLength: 46456,
  signature_data: [
    {
      dotSize: 0,
      minWidth: 0.5,
      maxWidth: 2.5,
      penColor: 'black',
      points: [Array]
    },
    {
      dotSize: 0,
      minWidth: 0.5,
      maxWidth: 2.5,
      penColor: 'black',
      points: [Array]
    },
    {
      dotSize: 0,
      minWidth: 0.5,
      maxWidth: 2.5,
      penColor: 'black',
      points: [Array]
    }
  ],
  signatureHash: '159642caf47d83f32024977772a7524e0ce5dafa9b34fe1901e0e58cc1285b6d'
}
[Consent Submit] {
  token: '12a40297a0036c50771b4534aebca963',
  signed_at: '2025-07-25T05:28:45.515Z',
  ip: '166.0.188.116',
  userAgent: 'Mozilla/5.0 (Windows NT 10.0; Win64; x64) AppleWebKit/537.36 (KHTML, like Gecko) Chrome/126.0.0.0 Safari/537.36 NetType/WIFI MicroMessenger/7.0.20.1781(0x6700143B) WindowsWechat(0x63090c37) XWEB/14185 Flue',
  signatureLength: 24652,
  signature_data: [
    {
      dotSize: 0,
      minWidth: 0.5,
      maxWidth: 2.5,
      penColor: 'black',
      points: [Array]
    },
    {
      dotSize: 0,
      minWidth: 0.5,
      maxWidth: 2.5,
      penColor: 'black',
      points: [Array]
    },
    {
      dotSize: 0,
      minWidth: 0.5,
      maxWidth: 2.5,
      penColor: 'black',
      points: [Array]
    },
    {
      dotSize: 0,
      minWidth: 0.5,
      maxWidth: 2.5,
      penColor: 'black',
      points: [Array]
    },
    {
      dotSize: 0,
      minWidth: 0.5,
      maxWidth: 2.5,
      penColor: 'black',
      points: [Array]
    },
    {
      dotSize: 0,
      minWidth: 0.5,
      maxWidth: 2.5,
      penColor: 'black',
      points: [Array]
    }
  ],
  signatureHash: '127297c2dceddab25f69a044945e3aa5dd5966a8f5c977567d53f3130ea4d7f8'
}
[Consent Submit] {
  token: 'a46b6d9219e167fbbfc30e76f3eed764',
  signed_at: '2025-07-25T05:33:18.329Z',
  ip: '103.160.100.87',
  userAgent: 'Mozilla/5.0 (Windows NT 10.0; Win64; x64) AppleWebKit/537.36 (KHTML, like Gecko) Chrome/138.0.0.0 Safari/537.36 Edg/138.0.0.0',
  signatureLength: 13768,
  signature_data: [
    {
      dotSize: 0,
      minWidth: 0.5,
      maxWidth: 2.5,
      penColor: 'black',
      points: [Array]
    },
    {
      dotSize: 0,
      minWidth: 0.5,
      maxWidth: 2.5,
      penColor: 'black',
      points: [Array]
    },
    {
      dotSize: 0,
      minWidth: 0.5,
      maxWidth: 2.5,
      penColor: 'black',
      points: [Array]
    },
    {
      dotSize: 0,
      minWidth: 0.5,
      maxWidth: 2.5,
      penColor: 'black',
      points: [Array]
    },
    {
      dotSize: 0,
      minWidth: 0.5,
      maxWidth: 2.5,
      penColor: 'black',
      points: [Array]
    },
    {
      dotSize: 0,
      minWidth: 0.5,
      maxWidth: 2.5,
      penColor: 'black',
      points: [Array]
    },
    {
      dotSize: 0,
      minWidth: 0.5,
      maxWidth: 2.5,
      penColor: 'black',
      points: [Array]
    },
    {
      dotSize: 0,
      minWidth: 0.5,
      maxWidth: 2.5,
      penColor: 'black',
      points: [Array]
    }
  ],
  signatureHash: '8df16761031bd3085674a0ddf7faff3f367921e18269cb207eac22af6929738d'
}
[Consent Submit] {
  token: '8459c6554b943cd2fc1a1e40cf3b7465',
  signed_at: '2025-07-25T05:37:27.740Z',
  ip: '166.0.188.116',
  userAgent: 'Mozilla/5.0 (Windows NT 10.0; Win64; x64) AppleWebKit/537.36 (KHTML, like Gecko) Chrome/138.0.0.0 Safari/537.36',
  signatureLength: 14308,
  signature_data: [
    {
      dotSize: 0,
      minWidth: 0.5,
      maxWidth: 2.5,
      penColor: 'black',
      points: [Array]
    },
    {
      dotSize: 0,
      minWidth: 0.5,
      maxWidth: 2.5,
      penColor: 'black',
      points: [Array]
    },
    {
      dotSize: 0,
      minWidth: 0.5,
      maxWidth: 2.5,
      penColor: 'black',
      points: [Array]
    },
    {
      dotSize: 0,
      minWidth: 0.5,
      maxWidth: 2.5,
      penColor: 'black',
      points: [Array]
    },
    {
      dotSize: 0,
      minWidth: 0.5,
      maxWidth: 2.5,
      penColor: 'black',
      points: [Array]
    },
    {
      dotSize: 0,
      minWidth: 0.5,
      maxWidth: 2.5,
      penColor: 'black',
      points: [Array]
    },
    {
      dotSize: 0,
      minWidth: 0.5,
      maxWidth: 2.5,
      penColor: 'black',
      points: [Array]
    },
    {
      dotSize: 0,
      minWidth: 0.5,
      maxWidth: 2.5,
      penColor: 'black',
      points: [Array]
    }
  ],
  signatureHash: '98d117852eee6674de7c0c4f6b9a318df846828a4a97b2bfbb156789de1ad6ea'
}
[Consent Submit] {
  token: '6827f8140ca2a799fbf8e68e4032b8c5',
  signed_at: '2025-07-26T08:41:57.547Z',
  ip: '81.197.176.240',
  userAgent: 'Mozilla/5.0 (Windows NT 10.0; Win64; x64) AppleWebKit/537.36 (KHTML, like Gecko) Chrome/137.0.0.0 Safari/537.36',
  signatureLength: 22808,
  signature_data: [
    {
      dotSize: 0,
      minWidth: 0.5,
      maxWidth: 2.5,
      penColor: 'black',
      points: [Array]
    },
    {
      dotSize: 0,
      minWidth: 0.5,
      maxWidth: 2.5,
      penColor: 'black',
      points: [Array]
    },
    {
      dotSize: 0,
      minWidth: 0.5,
      maxWidth: 2.5,
      penColor: 'black',
      points: [Array]
    },
    {
      dotSize: 0,
      minWidth: 0.5,
      maxWidth: 2.5,
      penColor: 'black',
      points: [Array]
    },
    {
      dotSize: 0,
      minWidth: 0.5,
      maxWidth: 2.5,
      penColor: 'black',
      points: [Array]
    },
    {
      dotSize: 0,
      minWidth: 0.5,
      maxWidth: 2.5,
      penColor: 'black',
      points: [Array]
    },
    {
      dotSize: 0,
      minWidth: 0.5,
      maxWidth: 2.5,
      penColor: 'black',
      points: [Array]
    },
    {
      dotSize: 0,
      minWidth: 0.5,
      maxWidth: 2.5,
      penColor: 'black',
      points: [Array]
    },
    {
      dotSize: 0,
      minWidth: 0.5,
      maxWidth: 2.5,
      penColor: 'black',
      points: [Array]
    },
    {
      dotSize: 0,
      minWidth: 0.5,
      maxWidth: 2.5,
      penColor: 'black',
      points: [Array]
    },
    {
      dotSize: 0,
      minWidth: 0.5,
      maxWidth: 2.5,
      penColor: 'black',
      points: [Array]
    }
  ],
  signatureHash: '353aede6e1767c9268c796fc6ceb7f81c983b30ebb4b900198ed69aaa273a8e5'
}
[Consent Submit] {
  token: 'b2e7b57d6f7ad9f355964498ef9fcd98',
  signed_at: '2025-07-28T08:14:24.302Z',
  ip: '103.160.100.87',
  userAgent: 'Mozilla/5.0 (Windows NT 10.0; Win64; x64) AppleWebKit/537.36 (KHTML, like Gecko) Chrome/126.0.0.0 Safari/537.36 NetType/WIFI MicroMessenger/7.0.20.1781(0x6700143B) WindowsWechat(0x63090c37) XWEB/14185 Flue',
  signatureLength: 15164,
  signature_data: [
    {
      dotSize: 0,
      minWidth: 0.5,
      maxWidth: 2.5,
      penColor: 'black',
      points: [Array]
    },
    {
      dotSize: 0,
      minWidth: 0.5,
      maxWidth: 2.5,
      penColor: 'black',
      points: [Array]
    },
    {
      dotSize: 0,
      minWidth: 0.5,
      maxWidth: 2.5,
      penColor: 'black',
      points: [Array]
    },
    {
      dotSize: 0,
      minWidth: 0.5,
      maxWidth: 2.5,
      penColor: 'black',
      points: [Array]
    },
    {
      dotSize: 0,
      minWidth: 0.5,
      maxWidth: 2.5,
      penColor: 'black',
      points: [Array]
    }
  ],
  signatureHash: '9b8dca21ae794c40a2d0e9813dab5a7fa0c2de62a23fde0e4315dc59901c203f'
}
[Consent Submit] {
  token: 'b43cc9062ae189cdbbd17204cb414093',
  signed_at: '2025-08-01T07:05:59.111Z',
  ip: '123.185.96.248',
  userAgent: 'Mozilla/5.0 (Windows NT 10.0; Win64; x64) AppleWebKit/537.36 (KHTML, like Gecko) Chrome/138.0.0.0 Safari/537.36 Edg/138.0.0.0',
  signatureLength: 5812,
  signature_data: [
    {
      dotSize: 0,
      minWidth: 0.5,
      maxWidth: 2.5,
      penColor: 'black',
      points: [Array]
    },
    {
      dotSize: 0,
      minWidth: 0.5,
      maxWidth: 2.5,
      penColor: 'black',
      points: [Array]
    }
  ],
  signatureHash: 'a08dcb3343a47673188ba69a75f7c75aa3c2580ed51c3be13ce3e3821ad01a0c'
}

> gdpr-consent-api@1.0.0 start
> node server.js

API listening on port 3000
[Consent Submit] {
  token: '7f6778161d9b1e377a0037d50bd98c7d',
  signed_at: '2025-08-07T09:43:30.198Z',
  ip: '81.197.176.240',
  userAgent: 'Mozilla/5.0 (Windows NT 10.0; Win64; x64) AppleWebKit/537.36 (KHTML, like Gecko) Chrome/138.0.0.0 Safari/537.36',
  signatureLength: 24332,
  signature_data: [
    {
      dotSize: 0,
      minWidth: 0.5,
      maxWidth: 2.5,
      penColor: 'black',
      points: [Array]
    },
    {
      dotSize: 0,
      minWidth: 0.5,
      maxWidth: 2.5,
      penColor: 'black',
      points: [Array]
    },
    {
      dotSize: 0,
      minWidth: 0.5,
      maxWidth: 2.5,
      penColor: 'black',
      points: [Array]
    },
    {
      dotSize: 0,
      minWidth: 0.5,
      maxWidth: 2.5,
      penColor: 'black',
      points: [Array]
    },
    {
      dotSize: 0,
      minWidth: 0.5,
      maxWidth: 2.5,
      penColor: 'black',
      points: [Array]
    },
    {
      dotSize: 0,
      minWidth: 0.5,
      maxWidth: 2.5,
      penColor: 'black',
      points: [Array]
    },
    {
      dotSize: 0,
      minWidth: 0.5,
      maxWidth: 2.5,
      penColor: 'black',
      points: [Array]
    },
    {
      dotSize: 0,
      minWidth: 0.5,
      maxWidth: 2.5,
      penColor: 'black',
      points: [Array]
    },
    {
      dotSize: 0,
      minWidth: 0.5,
      maxWidth: 2.5,
      penColor: 'black',
      points: [Array]
    },
    {
      dotSize: 0,
      minWidth: 0.5,
      maxWidth: 2.5,
      penColor: 'black',
      points: [Array]
    },
    {
      dotSize: 0,
      minWidth: 0.5,
      maxWidth: 2.5,
      penColor: 'black',
      points: [Array]
    }
  ],
  signatureHash: 'bb6e6acd04ec0578795636d35095cc43664d43c2755d76852ded6b2de6823ac5'
}
[Consent Submit] {
  token: '50e73b77f3870838cfae23acda971037',
  signed_at: '2025-08-07T12:07:42.050Z',
  ip: '81.197.176.240',
  userAgent: 'Mozilla/5.0 (Windows NT 10.0; Win64; x64) AppleWebKit/537.36 (KHTML, like Gecko) Chrome/138.0.0.0 Safari/537.36',
  signatureLength: 19004,
  signature_data: [
    {
      dotSize: 0,
      minWidth: 0.5,
      maxWidth: 2.5,
      penColor: 'black',
      points: [Array]
    }
  ],
  signatureHash: 'b15d81ee8f65748f7463d3a6d8e15d4f0618a6889113a99087e0440b3ac5260c'
}

> gdpr-consent-api@1.0.0 start
> node server.js

node:events:495
      throw er; // Unhandled 'error' event
      ^

Error: listen EADDRINUSE: address already in use :::3000
    at Server.setupListenHandle [as _listen2] (node:net:1811:16)
    at listenInCluster (node:net:1859:12)
    at Server.listen (node:net:1947:7)
    at Function.listen (/var/www/gdpr-consent/backend/node_modules/express/lib/application.js:635:24)
    at Object.<anonymous> (/var/www/gdpr-consent/backend/server.js:214:5)
    at Module._compile (node:internal/modules/cjs/loader:1356:14)
    at Module._extensions..js (node:internal/modules/cjs/loader:1414:10)
    at Module.load (node:internal/modules/cjs/loader:1197:32)
    at Module._load (node:internal/modules/cjs/loader:1013:12)
    at Function.executeUserEntryPoint [as runMain] (node:internal/modules/run_main:128:12)
Emitted 'error' event on Server instance at:
    at emitErrorNT (node:net:1838:8)
    at process.processTicksAndRejections (node:internal/process/task_queues:82:21) {
  code: 'EADDRINUSE',
  errno: -98,
  syscall: 'listen',
  address: '::',
  port: 3000
}

Node.js v18.19.1
Killed

> gdpr-consent-api@1.0.0 start
> node server.js

API listening on port 3000
[Consent Submit] {
  token: '367f2dcd33a07c01faa27fef47473cd2',
  signed_at: '2025-08-07T12:43:29.070Z',
  ip: '81.197.176.240',
  userAgent: 'Mozilla/5.0 (Windows NT 10.0; Win64; x64) AppleWebKit/537.36 (KHTML, like Gecko) Chrome/138.0.0.0 Safari/537.36',
  signatureLength: 19692,
  signature_data: [
    {
      dotSize: 0,
      minWidth: 0.5,
      maxWidth: 2.5,
      penColor: 'black',
      points: [Array]
    },
    {
      dotSize: 0,
      minWidth: 0.5,
      maxWidth: 2.5,
      penColor: 'black',
      points: [Array]
    }
  ],
  signatureHash: 'edb077def4f589de773802f8cf8da39046c6a2a9510c7cab344850e382524b50'
}
Killed

> gdpr-consent-api@1.0.0 start
> node server.js

API listening on port 3000
[Consent Submit] {
  token: '39d1a88d4576b3f577f6bc50f8e3085d',
  signed_at: '2025-08-07T12:46:25.348Z',
  ip: '81.197.176.240',
  userAgent: 'Mozilla/5.0 (Windows NT 10.0; Win64; x64) AppleWebKit/537.36 (KHTML, like Gecko) Chrome/138.0.0.0 Safari/537.36',
  signatureLength: 24288,
  signature_data: [
    {
      dotSize: 0,
      minWidth: 0.5,
      maxWidth: 2.5,
      penColor: 'black',
      points: [Array]
    }
  ],
  signatureHash: '96cc09cf3aecea8657b9f023ed860199f59b64bc1723f5250889fe658f33d8f9'
}
Killed

> gdpr-consent-api@1.0.0 start
> node server.js

API listening on port 3000
[Consent Submit] {
  token: 'ae9b48ce974cd25c4193b43faaa11479',
  signed_at: '2025-08-08T09:35:24.192Z',
  ip: '123.185.101.115',
  userAgent: 'Mozilla/5.0 (Windows NT 10.0; Win64; x64) AppleWebKit/537.36 (KHTML, like Gecko) Chrome/132.0.0.0 Safari/537.36 NetType/WIFI MicroMessenger/7.0.20.1781(0x6700143B) WindowsWechat(0x63090a13) UnifiedPCWindowsWechat(0xf2540620) XWEB/16133 Flue',
  signatureLength: 6476,
  signature_data: [
    {
      dotSize: 0,
      minWidth: 0.5,
      maxWidth: 2.5,
      penColor: 'black',
      points: [Array]
    },
    {
      dotSize: 0,
      minWidth: 0.5,
      maxWidth: 2.5,
      penColor: 'black',
      points: [Array]
    }
  ],
  signatureHash: '566bdd264d1068f78454dd6133a09d73631be3bc9771ab8a78889b4cfb8ba11a'
}
[Consent Submit] {
  token: '3274e89ddc57f22606a2b1f99df6c77e',
  signed_at: '2025-08-08T09:36:09.818Z',
  ip: '123.185.101.115',
  userAgent: 'Mozilla/5.0 (Windows NT 10.0; Win64; x64) AppleWebKit/537.36 (KHTML, like Gecko) Chrome/132.0.0.0 Safari/537.36 NetType/WIFI MicroMessenger/7.0.20.1781(0x6700143B) WindowsWechat(0x63090a13) UnifiedPCWindowsWechat(0xf2540620) XWEB/16133 Flue',
  signatureLength: 7192,
  signature_data: [
    {
      dotSize: 0,
      minWidth: 0.5,
      maxWidth: 2.5,
      penColor: 'black',
      points: [Array]
    }
  ],
  signatureHash: '4ceec94464f7655b6347fddd4daa0fd9e033212a10a1661f495b38f44f2d108b'
}
Killed

> gdpr-consent-api@1.0.0 start
> node server.js

API listening on port 3000
[Consent Submit] {
  token: 'aa1386510f2f6ff48feefe25498651e4',
  signed_at: '2025-08-08T12:40:26.285Z',
  ip: '153.1.77.107',
  userAgent: 'Mozilla/5.0 (Windows NT 10.0; Win64; x64) AppleWebKit/537.36 (KHTML, like Gecko) Chrome/139.0.0.0 Safari/537.36',
  signatureLength: 19392,
  signature_data: [
    {
      dotSize: 0,
      minWidth: 0.5,
      maxWidth: 2.5,
      penColor: 'black',
      points: [Array]
    }
  ],
  signatureHash: 'aa7d3f1ebbc27524e170c84608da79bb072d0776d1a7372ef69eac91b42c972a'
}
[Consent Submit] {
  token: '328ca6793470138997e1d8812c740295',
  signed_at: '2025-08-08T12:42:00.979Z',
  ip: '153.1.77.107',
  userAgent: 'Mozilla/5.0 (Windows NT 10.0; Win64; x64) AppleWebKit/537.36 (KHTML, like Gecko) Chrome/139.0.0.0 Safari/537.36',
  signatureLength: 21728,
  signature_data: [
    {
      dotSize: 0,
      minWidth: 0.5,
      maxWidth: 2.5,
      penColor: 'black',
      points: [Array]
    }
  ],
  signatureHash: '8e9b737ab9fb4711d592383d1d5215cb1f31bf3c87a561f4038598917a6e3988'
}
[Consent Submit] {
  token: 'd3f855eee7a859784d0d1a7688b2a859',
  signed_at: '2025-08-08T13:04:53.034Z',
  ip: '153.1.77.107',
  userAgent: 'Mozilla/5.0 (Windows NT 10.0; Win64; x64) AppleWebKit/537.36 (KHTML, like Gecko) Chrome/139.0.0.0 Safari/537.36',
  signatureLength: 31520,
  signature_data: [
    {
      dotSize: 0,
      minWidth: 0.5,
      maxWidth: 2.5,
      penColor: 'black',
      points: [Array]
    }
  ],
  signatureHash: '6d11defa1e45fec063730eddc944e6ab69b5535c85b1bbe41f276cb390a10315'
}
[Consent Submit] {
  token: '3a45e01dc75bd1a64bfac4d8d109499e',
  signed_at: '2025-08-08T14:15:05.007Z',
  ip: '153.1.77.107',
  userAgent: 'Mozilla/5.0 (Windows NT 10.0; Win64; x64) AppleWebKit/537.36 (KHTML, like Gecko) Chrome/139.0.0.0 Safari/537.36',
  signatureLength: 31528,
  signature_data: [
    {
      dotSize: 0,
      minWidth: 0.5,
      maxWidth: 2.5,
      penColor: 'black',
      points: [Array]
    },
    {
      dotSize: 0,
      minWidth: 0.5,
      maxWidth: 2.5,
      penColor: 'black',
      points: [Array]
    }
  ],
  signatureHash: '2bab7b621d040557d4db882d49ec98f1523e9be4303e246efc4a841a09d2a87d'
}
[Consent Submit] {
  token: 'b7e829a2afbfd5782c63b588de61d68a',
  signed_at: '2025-08-09T18:00:38.247Z',
  ip: '81.197.176.240',
  userAgent: 'Mozilla/5.0 (Windows NT 10.0; Win64; x64) AppleWebKit/537.36 (KHTML, like Gecko) Chrome/139.0.0.0 Safari/537.36',
  signatureLength: 32712,
  signature_data: [
    {
      dotSize: 0,
      minWidth: 0.5,
      maxWidth: 2.5,
      penColor: 'black',
      points: [Array]
    },
    {
      dotSize: 0,
      minWidth: 0.5,
      maxWidth: 2.5,
      penColor: 'black',
      points: [Array]
    },
    {
      dotSize: 0,
      minWidth: 0.5,
      maxWidth: 2.5,
      penColor: 'black',
      points: [Array]
    },
    {
      dotSize: 0,
      minWidth: 0.5,
      maxWidth: 2.5,
      penColor: 'black',
      points: [Array]
    },
    {
      dotSize: 0,
      minWidth: 0.5,
      maxWidth: 2.5,
      penColor: 'black',
      points: [Array]
    },
    {
      dotSize: 0,
      minWidth: 0.5,
      maxWidth: 2.5,
      penColor: 'black',
      points: [Array]
    },
    {
      dotSize: 0,
      minWidth: 0.5,
      maxWidth: 2.5,
      penColor: 'black',
      points: [Array]
    },
    {
      dotSize: 0,
      minWidth: 0.5,
      maxWidth: 2.5,
      penColor: 'black',
      points: [Array]
    },
    {
      dotSize: 0,
      minWidth: 0.5,
      maxWidth: 2.5,
      penColor: 'black',
      points: [Array]
    },
    {
      dotSize: 0,
      minWidth: 0.5,
      maxWidth: 2.5,
      penColor: 'black',
      points: [Array]
    },
    {
      dotSize: 0,
      minWidth: 0.5,
      maxWidth: 2.5,
      penColor: 'black',
      points: [Array]
    },
    {
      dotSize: 0,
      minWidth: 0.5,
      maxWidth: 2.5,
      penColor: 'black',
      points: [Array]
    },
    {
      dotSize: 0,
      minWidth: 0.5,
      maxWidth: 2.5,
      penColor: 'black',
      points: [Array]
    },
    {
      dotSize: 0,
      minWidth: 0.5,
      maxWidth: 2.5,
      penColor: 'black',
      points: [Array]
    },
    {
      dotSize: 0,
      minWidth: 0.5,
      maxWidth: 2.5,
      penColor: 'black',
      points: [Array]
    },
    {
      dotSize: 0,
      minWidth: 0.5,
      maxWidth: 2.5,
      penColor: 'black',
      points: [Array]
    },
    {
      dotSize: 0,
      minWidth: 0.5,
      maxWidth: 2.5,
      penColor: 'black',
      points: [Array]
    }
  ],
  signatureHash: 'd33277c8f6a48940be36937c96d3ab0c253a57dd61276a7125ae5e86a2ea79d2'
}
Killed

> gdpr-consent-api@1.0.0 start
> node server.js

API listening on port 3000
[Consent Submit] {
  token: 'a63cbedd6ed10bb69077235d0a6318ca',
  signed_at: '2025-08-09T18:06:12.531Z',
  ip: '81.197.176.240',
  userAgent: 'Mozilla/5.0 (Windows NT 10.0; Win64; x64) AppleWebKit/537.36 (KHTML, like Gecko) Chrome/139.0.0.0 Safari/537.36',
  signatureLength: 58312,
  signature_data: [
    {
      dotSize: 0,
      minWidth: 0.5,
      maxWidth: 2.5,
      penColor: 'black',
      points: [Array]
    },
    {
      dotSize: 0,
      minWidth: 0.5,
      maxWidth: 2.5,
      penColor: 'black',
      points: [Array]
    },
    {
      dotSize: 0,
      minWidth: 0.5,
      maxWidth: 2.5,
      penColor: 'black',
      points: [Array]
    },
    {
      dotSize: 0,
      minWidth: 0.5,
      maxWidth: 2.5,
      penColor: 'black',
      points: [Array]
    },
    {
      dotSize: 0,
      minWidth: 0.5,
      maxWidth: 2.5,
      penColor: 'black',
      points: [Array]
    },
    {
      dotSize: 0,
      minWidth: 0.5,
      maxWidth: 2.5,
      penColor: 'black',
      points: [Array]
    },
    {
      dotSize: 0,
      minWidth: 0.5,
      maxWidth: 2.5,
      penColor: 'black',
      points: [Array]
    },
    {
      dotSize: 0,
      minWidth: 0.5,
      maxWidth: 2.5,
      penColor: 'black',
      points: [Array]
    },
    {
      dotSize: 0,
      minWidth: 0.5,
      maxWidth: 2.5,
      penColor: 'black',
      points: [Array]
    },
    {
      dotSize: 0,
      minWidth: 0.5,
      maxWidth: 2.5,
      penColor: 'black',
      points: [Array]
    },
    {
      dotSize: 0,
      minWidth: 0.5,
      maxWidth: 2.5,
      penColor: 'black',
      points: [Array]
    },
    {
      dotSize: 0,
      minWidth: 0.5,
      maxWidth: 2.5,
      penColor: 'black',
      points: [Array]
    },
    {
      dotSize: 0,
      minWidth: 0.5,
      maxWidth: 2.5,
      penColor: 'black',
      points: [Array]
    },
    {
      dotSize: 0,
      minWidth: 0.5,
      maxWidth: 2.5,
      penColor: 'black',
      points: [Array]
    },
    {
      dotSize: 0,
      minWidth: 0.5,
      maxWidth: 2.5,
      penColor: 'black',
      points: [Array]
    },
    {
      dotSize: 0,
      minWidth: 0.5,
      maxWidth: 2.5,
      penColor: 'black',
      points: [Array]
    },
    {
      dotSize: 0,
      minWidth: 0.5,
      maxWidth: 2.5,
      penColor: 'black',
      points: [Array]
    },
    {
      dotSize: 0,
      minWidth: 0.5,
      maxWidth: 2.5,
      penColor: 'black',
      points: [Array]
    },
    {
      dotSize: 0,
      minWidth: 0.5,
      maxWidth: 2.5,
      penColor: 'black',
      points: [Array]
    },
    {
      dotSize: 0,
      minWidth: 0.5,
      maxWidth: 2.5,
      penColor: 'black',
      points: [Array]
    },
    {
      dotSize: 0,
      minWidth: 0.5,
      maxWidth: 2.5,
      penColor: 'black',
      points: [Array]
    },
    {
      dotSize: 0,
      minWidth: 0.5,
      maxWidth: 2.5,
      penColor: 'black',
      points: [Array]
    },
    {
      dotSize: 0,
      minWidth: 0.5,
      maxWidth: 2.5,
      penColor: 'black',
      points: [Array]
    },
    {
      dotSize: 0,
      minWidth: 0.5,
      maxWidth: 2.5,
      penColor: 'black',
      points: [Array]
    },
    {
      dotSize: 0,
      minWidth: 0.5,
      maxWidth: 2.5,
      penColor: 'black',
      points: [Array]
    },
    {
      dotSize: 0,
      minWidth: 0.5,
      maxWidth: 2.5,
      penColor: 'black',
      points: [Array]
    },
    {
      dotSize: 0,
      minWidth: 0.5,
      maxWidth: 2.5,
      penColor: 'black',
      points: [Array]
    },
    {
      dotSize: 0,
      minWidth: 0.5,
      maxWidth: 2.5,
      penColor: 'black',
      points: [Array]
    },
    {
      dotSize: 0,
      minWidth: 0.5,
      maxWidth: 2.5,
      penColor: 'black',
      points: [Array]
    },
    {
      dotSize: 0,
      minWidth: 0.5,
      maxWidth: 2.5,
      penColor: 'black',
      points: [Array]
    },
    {
      dotSize: 0,
      minWidth: 0.5,
      maxWidth: 2.5,
      penColor: 'black',
      points: [Array]
    },
    {
      dotSize: 0,
      minWidth: 0.5,
      maxWidth: 2.5,
      penColor: 'black',
      points: [Array]
    },
    {
      dotSize: 0,
      minWidth: 0.5,
      maxWidth: 2.5,
      penColor: 'black',
      points: [Array]
    },
    {
      dotSize: 0,
      minWidth: 0.5,
      maxWidth: 2.5,
      penColor: 'black',
      points: [Array]
    },
    {
      dotSize: 0,
      minWidth: 0.5,
      maxWidth: 2.5,
      penColor: 'black',
      points: [Array]
    },
    {
      dotSize: 0,
      minWidth: 0.5,
      maxWidth: 2.5,
      penColor: 'black',
      points: [Array]
    },
    {
      dotSize: 0,
      minWidth: 0.5,
      maxWidth: 2.5,
      penColor: 'black',
      points: [Array]
    },
    {
      dotSize: 0,
      minWidth: 0.5,
      maxWidth: 2.5,
      penColor: 'black',
      points: [Array]
    },
    {
      dotSize: 0,
      minWidth: 0.5,
      maxWidth: 2.5,
      penColor: 'black',
      points: [Array]
    },
    {
      dotSize: 0,
      minWidth: 0.5,
      maxWidth: 2.5,
      penColor: 'black',
      points: [Array]
    },
    {
      dotSize: 0,
      minWidth: 0.5,
      maxWidth: 2.5,
      penColor: 'black',
      points: [Array]
    },
    {
      dotSize: 0,
      minWidth: 0.5,
      maxWidth: 2.5,
      penColor: 'black',
      points: [Array]
    },
    {
      dotSize: 0,
      minWidth: 0.5,
      maxWidth: 2.5,
      penColor: 'black',
      points: [Array]
    },
    {
      dotSize: 0,
      minWidth: 0.5,
      maxWidth: 2.5,
      penColor: 'black',
      points: [Array]
    },
    {
      dotSize: 0,
      minWidth: 0.5,
      maxWidth: 2.5,
      penColor: 'black',
      points: [Array]
    },
    {
      dotSize: 0,
      minWidth: 0.5,
      maxWidth: 2.5,
      penColor: 'black',
      points: [Array]
    },
    {
      dotSize: 0,
      minWidth: 0.5,
      maxWidth: 2.5,
      penColor: 'black',
      points: [Array]
    },
    {
      dotSize: 0,
      minWidth: 0.5,
      maxWidth: 2.5,
      penColor: 'black',
      points: [Array]
    },
    {
      dotSize: 0,
      minWidth: 0.5,
      maxWidth: 2.5,
      penColor: 'black',
      points: [Array]
    },
    {
      dotSize: 0,
      minWidth: 0.5,
      maxWidth: 2.5,
      penColor: 'black',
      points: [Array]
    },
    {
      dotSize: 0,
      minWidth: 0.5,
      maxWidth: 2.5,
      penColor: 'black',
      points: [Array]
    },
    {
      dotSize: 0,
      minWidth: 0.5,
      maxWidth: 2.5,
      penColor: 'black',
      points: [Array]
    },
    {
      dotSize: 0,
      minWidth: 0.5,
      maxWidth: 2.5,
      penColor: 'black',
      points: [Array]
    },
    {
      dotSize: 0,
      minWidth: 0.5,
      maxWidth: 2.5,
      penColor: 'black',
      points: [Array]
    },
    {
      dotSize: 0,
      minWidth: 0.5,
      maxWidth: 2.5,
      penColor: 'black',
      points: [Array]
    },
    {
      dotSize: 0,
      minWidth: 0.5,
      maxWidth: 2.5,
      penColor: 'black',
      points: [Array]
    },
    {
      dotSize: 0,
      minWidth: 0.5,
      maxWidth: 2.5,
      penColor: 'black',
      points: [Array]
    },
    {
      dotSize: 0,
      minWidth: 0.5,
      maxWidth: 2.5,
      penColor: 'black',
      points: [Array]
    },
    {
      dotSize: 0,
      minWidth: 0.5,
      maxWidth: 2.5,
      penColor: 'black',
      points: [Array]
    },
    {
      dotSize: 0,
      minWidth: 0.5,
      maxWidth: 2.5,
      penColor: 'black',
      points: [Array]
    },
    {
      dotSize: 0,
      minWidth: 0.5,
      maxWidth: 2.5,
      penColor: 'black',
      points: [Array]
    },
    {
      dotSize: 0,
      minWidth: 0.5,
      maxWidth: 2.5,
      penColor: 'black',
      points: [Array]
    },
    {
      dotSize: 0,
      minWidth: 0.5,
      maxWidth: 2.5,
      penColor: 'black',
      points: [Array]
    },
    {
      dotSize: 0,
      minWidth: 0.5,
      maxWidth: 2.5,
      penColor: 'black',
      points: [Array]
    },
    {
      dotSize: 0,
      minWidth: 0.5,
      maxWidth: 2.5,
      penColor: 'black',
      points: [Array]
    },
    {
      dotSize: 0,
      minWidth: 0.5,
      maxWidth: 2.5,
      penColor: 'black',
      points: [Array]
    },
    {
      dotSize: 0,
      minWidth: 0.5,
      maxWidth: 2.5,
      penColor: 'black',
      points: [Array]
    },
    {
      dotSize: 0,
      minWidth: 0.5,
      maxWidth: 2.5,
      penColor: 'black',
      points: [Array]
    },
    {
      dotSize: 0,
      minWidth: 0.5,
      maxWidth: 2.5,
      penColor: 'black',
      points: [Array]
    },
    {
      dotSize: 0,
      minWidth: 0.5,
      maxWidth: 2.5,
      penColor: 'black',
      points: [Array]
    },
    {
      dotSize: 0,
      minWidth: 0.5,
      maxWidth: 2.5,
      penColor: 'black',
      points: [Array]
    },
    {
      dotSize: 0,
      minWidth: 0.5,
      maxWidth: 2.5,
      penColor: 'black',
      points: [Array]
    },
    {
      dotSize: 0,
      minWidth: 0.5,
      maxWidth: 2.5,
      penColor: 'black',
      points: [Array]
    },
    {
      dotSize: 0,
      minWidth: 0.5,
      maxWidth: 2.5,
      penColor: 'black',
      points: [Array]
    },
    {
      dotSize: 0,
      minWidth: 0.5,
      maxWidth: 2.5,
      penColor: 'black',
      points: [Array]
    },
    {
      dotSize: 0,
      minWidth: 0.5,
      maxWidth: 2.5,
      penColor: 'black',
      points: [Array]
    },
    {
      dotSize: 0,
      minWidth: 0.5,
      maxWidth: 2.5,
      penColor: 'black',
      points: [Array]
    },
    {
      dotSize: 0,
      minWidth: 0.5,
      maxWidth: 2.5,
      penColor: 'black',
      points: [Array]
    },
    {
      dotSize: 0,
      minWidth: 0.5,
      maxWidth: 2.5,
      penColor: 'black',
      points: [Array]
    },
    {
      dotSize: 0,
      minWidth: 0.5,
      maxWidth: 2.5,
      penColor: 'black',
      points: [Array]
    },
    {
      dotSize: 0,
      minWidth: 0.5,
      maxWidth: 2.5,
      penColor: 'black',
      points: [Array]
    },
    {
      dotSize: 0,
      minWidth: 0.5,
      maxWidth: 2.5,
      penColor: 'black',
      points: [Array]
    },
    {
      dotSize: 0,
      minWidth: 0.5,
      maxWidth: 2.5,
      penColor: 'black',
      points: [Array]
    },
    {
      dotSize: 0,
      minWidth: 0.5,
      maxWidth: 2.5,
      penColor: 'black',
      points: [Array]
    },
    {
      dotSize: 0,
      minWidth: 0.5,
      maxWidth: 2.5,
      penColor: 'black',
      points: [Array]
    },
    {
      dotSize: 0,
      minWidth: 0.5,
      maxWidth: 2.5,
      penColor: 'black',
      points: [Array]
    },
    {
      dotSize: 0,
      minWidth: 0.5,
      maxWidth: 2.5,
      penColor: 'black',
      points: [Array]
    },
    {
      dotSize: 0,
      minWidth: 0.5,
      maxWidth: 2.5,
      penColor: 'black',
      points: [Array]
    },
    {
      dotSize: 0,
      minWidth: 0.5,
      maxWidth: 2.5,
      penColor: 'black',
      points: [Array]
    },
    {
      dotSize: 0,
      minWidth: 0.5,
      maxWidth: 2.5,
      penColor: 'black',
      points: [Array]
    },
    {
      dotSize: 0,
      minWidth: 0.5,
      maxWidth: 2.5,
      penColor: 'black',
      points: [Array]
    },
    {
      dotSize: 0,
      minWidth: 0.5,
      maxWidth: 2.5,
      penColor: 'black',
      points: [Array]
    },
    {
      dotSize: 0,
      minWidth: 0.5,
      maxWidth: 2.5,
      penColor: 'black',
      points: [Array]
    },
    {
      dotSize: 0,
      minWidth: 0.5,
      maxWidth: 2.5,
      penColor: 'black',
      points: [Array]
    },
    {
      dotSize: 0,
      minWidth: 0.5,
      maxWidth: 2.5,
      penColor: 'black',
      points: [Array]
    },
    {
      dotSize: 0,
      minWidth: 0.5,
      maxWidth: 2.5,
      penColor: 'black',
      points: [Array]
    },
    {
      dotSize: 0,
      minWidth: 0.5,
      maxWidth: 2.5,
      penColor: 'black',
      points: [Array]
    },
    {
      dotSize: 0,
      minWidth: 0.5,
      maxWidth: 2.5,
      penColor: 'black',
      points: [Array]
    }
  ],
  signatureHash: 'f184ccb5dc543ef152a3ab5849a904b48a32f39a440f6ad83d81ecf8198d230a'
}
[Consent Submit] {
  token: '710fa9351ece0f0d94a466a2e08a7a77',
  signed_at: '2025-08-10T09:30:18.096Z',
  ip: '81.197.176.240',
  userAgent: 'Mozilla/5.0 (Windows NT 10.0; Win64; x64) AppleWebKit/537.36 (KHTML, like Gecko) Chrome/139.0.0.0 Safari/537.36',
  signatureLength: 21540,
  signature_data: [
    {
      dotSize: 0,
      minWidth: 0.5,
      maxWidth: 2.5,
      penColor: 'black',
      points: [Array]
    },
    {
      dotSize: 0,
      minWidth: 0.5,
      maxWidth: 2.5,
      penColor: 'black',
      points: [Array]
    },
    {
      dotSize: 0,
      minWidth: 0.5,
      maxWidth: 2.5,
      penColor: 'black',
      points: [Array]
    },
    {
      dotSize: 0,
      minWidth: 0.5,
      maxWidth: 2.5,
      penColor: 'black',
      points: [Array]
    },
    {
      dotSize: 0,
      minWidth: 0.5,
      maxWidth: 2.5,
      penColor: 'black',
      points: [Array]
    },
    {
      dotSize: 0,
      minWidth: 0.5,
      maxWidth: 2.5,
      penColor: 'black',
      points: [Array]
    },
    {
      dotSize: 0,
      minWidth: 0.5,
      maxWidth: 2.5,
      penColor: 'black',
      points: [Array]
    },
    {
      dotSize: 0,
      minWidth: 0.5,
      maxWidth: 2.5,
      penColor: 'black',
      points: [Array]
    },
    {
      dotSize: 0,
      minWidth: 0.5,
      maxWidth: 2.5,
      penColor: 'black',
      points: [Array]
    },
    {
      dotSize: 0,
      minWidth: 0.5,
      maxWidth: 2.5,
      penColor: 'black',
      points: [Array]
    },
    {
      dotSize: 0,
      minWidth: 0.5,
      maxWidth: 2.5,
      penColor: 'black',
      points: [Array]
    },
    {
      dotSize: 0,
      minWidth: 0.5,
      maxWidth: 2.5,
      penColor: 'black',
      points: [Array]
    },
    {
      dotSize: 0,
      minWidth: 0.5,
      maxWidth: 2.5,
      penColor: 'black',
      points: [Array]
    }
  ],
  signatureHash: 'ddafdf1eb4e422f5327e8cb87ec92df9a22f7d87a530c5eb2247c90974f3b6c3'
}
[Consent Submit] {
  token: '10e804ea7b05303e2ec54d58e5689037',
  signed_at: '2025-08-10T09:33:42.226Z',
  ip: '81.197.176.240',
  userAgent: 'Mozilla/5.0 (Windows NT 10.0; Win64; x64) AppleWebKit/537.36 (KHTML, like Gecko) Chrome/139.0.0.0 Safari/537.36',
  signatureLength: 22484,
  signature_data: [
    {
      dotSize: 0,
      minWidth: 0.5,
      maxWidth: 2.5,
      penColor: 'black',
      points: [Array]
    },
    {
      dotSize: 0,
      minWidth: 0.5,
      maxWidth: 2.5,
      penColor: 'black',
      points: [Array]
    },
    {
      dotSize: 0,
      minWidth: 0.5,
      maxWidth: 2.5,
      penColor: 'black',
      points: [Array]
    },
    {
      dotSize: 0,
      minWidth: 0.5,
      maxWidth: 2.5,
      penColor: 'black',
      points: [Array]
    },
    {
      dotSize: 0,
      minWidth: 0.5,
      maxWidth: 2.5,
      penColor: 'black',
      points: [Array]
    },
    {
      dotSize: 0,
      minWidth: 0.5,
      maxWidth: 2.5,
      penColor: 'black',
      points: [Array]
    },
    {
      dotSize: 0,
      minWidth: 0.5,
      maxWidth: 2.5,
      penColor: 'black',
      points: [Array]
    },
    {
      dotSize: 0,
      minWidth: 0.5,
      maxWidth: 2.5,
      penColor: 'black',
      points: [Array]
    },
    {
      dotSize: 0,
      minWidth: 0.5,
      maxWidth: 2.5,
      penColor: 'black',
      points: [Array]
    },
    {
      dotSize: 0,
      minWidth: 0.5,
      maxWidth: 2.5,
      penColor: 'black',
      points: [Array]
    },
    {
      dotSize: 0,
      minWidth: 0.5,
      maxWidth: 2.5,
      penColor: 'black',
      points: [Array]
    },
    {
      dotSize: 0,
      minWidth: 0.5,
      maxWidth: 2.5,
      penColor: 'black',
      points: [Array]
    },
    {
      dotSize: 0,
      minWidth: 0.5,
      maxWidth: 2.5,
      penColor: 'black',
      points: [Array]
    },
    {
      dotSize: 0,
      minWidth: 0.5,
      maxWidth: 2.5,
      penColor: 'black',
      points: [Array]
    },
    {
      dotSize: 0,
      minWidth: 0.5,
      maxWidth: 2.5,
      penColor: 'black',
      points: [Array]
    }
  ],
  signatureHash: '80e8ed85c35c272d9bac70d8354a4047a36f749208be64da7f5b9fc4d6c4547a'
}
[Consent Submit] {
  token: '159686096eefd9728081dde4084f7040',
  signed_at: '2025-08-10T09:36:15.311Z',
  ip: '81.197.176.240',
  userAgent: 'Mozilla/5.0 (Windows NT 10.0; Win64; x64) AppleWebKit/537.36 (KHTML, like Gecko) Chrome/139.0.0.0 Safari/537.36',
  signatureLength: 34376,
  signature_data: [
    {
      dotSize: 0,
      minWidth: 0.5,
      maxWidth: 2.5,
      penColor: 'black',
      points: [Array]
    },
    {
      dotSize: 0,
      minWidth: 0.5,
      maxWidth: 2.5,
      penColor: 'black',
      points: [Array]
    },
    {
      dotSize: 0,
      minWidth: 0.5,
      maxWidth: 2.5,
      penColor: 'black',
      points: [Array]
    },
    {
      dotSize: 0,
      minWidth: 0.5,
      maxWidth: 2.5,
      penColor: 'black',
      points: [Array]
    },
    {
      dotSize: 0,
      minWidth: 0.5,
      maxWidth: 2.5,
      penColor: 'black',
      points: [Array]
    }
  ],
  signatureHash: 'a0b82ba0e7a2d472b275e58d38022d284da04de36390067798d2659b91d5c721'
}
[Consent Submit] {
  token: '7414746423551601c8d0aec9a7c55b42',
  signed_at: '2025-08-10T09:49:41.193Z',
  ip: '81.197.176.240',
  userAgent: 'Mozilla/5.0 (Linux; Android 15; SM-A546B Build/AP3A.240905.015.A2; wv) AppleWebKit/537.36 (KHTML, like Gecko) Version/4.0 Chrome/116.0.0.0 Mobile Safari/537.36 XWEB/1160117 MMWEBSDK/20250201 MMWEBID/5358 MicroMessenger/8.0.60.2840(0x28003C40) WeChat/arm64 Weixin GPVersion/1 NetType/WIFI Language/zh_CN ABI/arm64',
  signatureLength: 67720,
  signature_data: [
    {
      dotSize: 0,
      minWidth: 0.35,
      maxWidth: 1,
      penColor: '#000',
      points: [Array]
    },
    {
      dotSize: 0,
      minWidth: 0.35,
      maxWidth: 1,
      penColor: '#000',
      points: [Array]
    },
    {
      dotSize: 0,
      minWidth: 0.35,
      maxWidth: 1,
      penColor: '#000',
      points: [Array]
    },
    {
      dotSize: 0,
      minWidth: 0.35,
      maxWidth: 1,
      penColor: '#000',
      points: [Array]
    },
    {
      dotSize: 0,
      minWidth: 0.35,
      maxWidth: 1,
      penColor: '#000',
      points: [Array]
    },
    {
      dotSize: 0,
      minWidth: 0.35,
      maxWidth: 1,
      penColor: '#000',
      points: [Array]
    },
    {
      dotSize: 0,
      minWidth: 0.35,
      maxWidth: 1,
      penColor: '#000',
      points: [Array]
    }
  ],
  signatureHash: 'bce65f8a502147bbc2b3e0919d9215aa0512cfc3ddbb7d0d8ebd8b10d793035d'
}
[Consent Submit] {
  token: '0413664a807f4477ee697a9d46c622b2',
  signed_at: '2025-08-10T10:05:25.892Z',
  ip: '81.197.176.240',
  userAgent: 'Mozilla/5.0 (Linux; Android 15; SM-A546B Build/AP3A.240905.015.A2; wv) AppleWebKit/537.36 (KHTML, like Gecko) Version/4.0 Chrome/116.0.0.0 Mobile Safari/537.36 XWEB/1160117 MMWEBSDK/20250201 MMWEBID/5358 MicroMessenger/8.0.60.2840(0x28003C40) WeChat/arm64 Weixin GPVersion/1 NetType/WIFI Language/zh_CN ABI/arm64',
  signatureLength: 63420,
  signature_data: [
    {
      dotSize: 0,
      minWidth: 0.35,
      maxWidth: 1,
      penColor: '#000',
      points: [Array]
    },
    {
      dotSize: 0,
      minWidth: 0.35,
      maxWidth: 1,
      penColor: '#000',
      points: [Array]
    },
    {
      dotSize: 0,
      minWidth: 0.35,
      maxWidth: 1,
      penColor: '#000',
      points: [Array]
    },
    {
      dotSize: 0,
      minWidth: 0.35,
      maxWidth: 1,
      penColor: '#000',
      points: [Array]
    }
  ],
  signatureHash: '88636a2124e8b0387783256d5be03d57291e86ee74c12f011f904af0812b8810'
}
[Consent Submit] {
  token: 'cafaeecfe1e3791da8895823c28ee62a',
  signed_at: '2025-08-11T02:00:58.260Z',
  ip: '103.160.100.87',
  userAgent: 'Mozilla/5.0 (Windows NT 10.0; Win64; x64) AppleWebKit/537.36 (KHTML, like Gecko) Chrome/132.0.0.0 Safari/537.36 NetType/WIFI MicroMessenger/7.0.20.1781(0x6700143B) WindowsWechat(0x63090a13) UnifiedPCWindowsWechat(0xf2540620) XWEB/16203 Flue',
  signatureLength: 6644,
  signature_data: [
    {
      dotSize: 0,
      minWidth: 0.35,
      maxWidth: 1,
      penColor: '#000',
      points: [Array]
    }
  ],
  signatureHash: 'bfb444664d26dce8d901f033e7585a21cd694291b01c86af484a8a6b27974a88'
}
Killed

> gdpr-consent-api@1.0.0 start
> node server.js

API listening on port 3000
[Consent Submit] {
  token: 'f366ceed61766a391bf289253b448669',
  signed_at: '2025-08-19T12:24:55.621Z',
  ip: '153.1.77.107',
  userAgent: 'Mozilla/5.0 (Windows NT 10.0; Win64; x64) AppleWebKit/537.36 (KHTML, like Gecko) Chrome/139.0.0.0 Safari/537.36',
  signatureLength: 20296,
  signature_data: [
    {
      penColor: 'black',
      dotSize: 0,
      minWidth: 0.35,
      maxWidth: 1,
      velocityFilterWeight: 0.25,
      compositeOperation: 'source-over',
      points: [Array]
    },
    {
      penColor: 'black',
      dotSize: 0,
      minWidth: 0.35,
      maxWidth: 1,
      velocityFilterWeight: 0.25,
      compositeOperation: 'source-over',
      points: [Array]
    },
    {
      penColor: 'black',
      dotSize: 0,
      minWidth: 0.35,
      maxWidth: 1,
      velocityFilterWeight: 0.25,
      compositeOperation: 'source-over',
      points: [Array]
    },
    {
      penColor: 'black',
      dotSize: 0,
      minWidth: 0.35,
      maxWidth: 1,
      velocityFilterWeight: 0.25,
      compositeOperation: 'source-over',
      points: [Array]
    },
    {
      penColor: 'black',
      dotSize: 0,
      minWidth: 0.35,
      maxWidth: 1,
      velocityFilterWeight: 0.25,
      compositeOperation: 'source-over',
      points: [Array]
    },
    {
      penColor: 'black',
      dotSize: 0,
      minWidth: 0.35,
      maxWidth: 1,
      velocityFilterWeight: 0.25,
      compositeOperation: 'source-over',
      points: [Array]
    },
    {
      penColor: 'black',
      dotSize: 0,
      minWidth: 0.35,
      maxWidth: 1,
      velocityFilterWeight: 0.25,
      compositeOperation: 'source-over',
      points: [Array]
    },
    {
      penColor: 'black',
      dotSize: 0,
      minWidth: 0.35,
      maxWidth: 1,
      velocityFilterWeight: 0.25,
      compositeOperation: 'source-over',
      points: [Array]
    }
  ],
  signatureHash: '722522a3c45fe5456a885a09d539c38bdb6615e2165a213379cfcbbc0c7245b2'
}
Killed

> gdpr-consent-api@1.0.0 start
> node server.js

API listening on port 3000
[/api/consent error] ReferenceError: toMySQLDateTime is not defined
    at /var/www/gdpr-consent/backend/server.js:188:24
    at process.processTicksAndRejections (node:internal/process/task_queues:95:5)
[/api/consent error] ReferenceError: toMySQLDateTime is not defined
    at /var/www/gdpr-consent/backend/server.js:188:24
    at process.processTicksAndRejections (node:internal/process/task_queues:95:5)
[/api/consent error] ReferenceError: toMySQLDateTime is not defined
    at /var/www/gdpr-consent/backend/server.js:188:24
    at process.processTicksAndRejections (node:internal/process/task_queues:95:5)
Killed

> gdpr-consent-api@1.0.0 start
> node server.js

API listening on port 3000
[/api/consent error] ReferenceError: toMySQLDateTime is not defined
    at /var/www/gdpr-consent/backend/server.js:188:24
    at process.processTicksAndRejections (node:internal/process/task_queues:95:5)
Killed

> gdpr-consent-api@1.0.0 start
> node server.js

API listening on port 3000
Killed

> gdpr-consent-api@1.0.0 start
> node server.js

API listening on port 3000
Killed

> gdpr-consent-api@1.0.0 start
> node server.js

API listening on port 3000
Killed

> gdpr-consent-api@1.0.0 start
> node server.js

API listening on port 3000
Killed

> gdpr-consent-api@1.0.0 start
> node server.js

API listening on port 3000
[/api/consent error] ReferenceError: renderAgreementToPNG is not defined
    at /var/www/gdpr-consent/backend/server.js:513:5
    at process.processTicksAndRejections (node:internal/process/task_queues:95:5)
[/api/consent error] ReferenceError: renderAgreementToPNG is not defined
    at /var/www/gdpr-consent/backend/server.js:513:5
    at process.processTicksAndRejections (node:internal/process/task_queues:95:5)
[/api/consent error] ReferenceError: renderAgreementToPNG is not defined
    at /var/www/gdpr-consent/backend/server.js:513:5
    at process.processTicksAndRejections (node:internal/process/task_queues:95:5)
Killed

> gdpr-consent-api@1.0.0 start
> node server.js

API listening on port 3000
Killed

> gdpr-consent-api@1.0.0 start
> node server.js

API listening on port 3000
Killed

> gdpr-consent-api@1.0.0 start
> node server.js

API listening on port 3000
[/api/consent error] TimeoutError: Timed out after 30000 ms while waiting for the WS endpoint URL to appear in stdout!
    at ChromeLauncher.launch (/var/www/gdpr-consent/backend/node_modules/puppeteer-core/lib/cjs/puppeteer/node/BrowserLauncher.js:164:23)
    at runNextTicks (node:internal/process/task_queues:60:5)
    at listOnTimeout (node:internal/timers:538:9)
    at process.processTimers (node:internal/timers:512:7)
    at async renderAgreementToPNG (/var/www/gdpr-consent/backend/server.js:229:19)
    at async /var/www/gdpr-consent/backend/server.js:531:5
[/api/consent error] TimeoutError: Timed out after 30000 ms while waiting for the WS endpoint URL to appear in stdout!
    at ChromeLauncher.launch (/var/www/gdpr-consent/backend/node_modules/puppeteer-core/lib/cjs/puppeteer/node/BrowserLauncher.js:164:23)
    at runNextTicks (node:internal/process/task_queues:60:5)
    at listOnTimeout (node:internal/timers:538:9)
    at process.processTimers (node:internal/timers:512:7)
    at async renderAgreementToPNG (/var/www/gdpr-consent/backend/server.js:229:19)
    at async /var/www/gdpr-consent/backend/server.js:531:5
[/api/consent error] TimeoutError: Timed out after 30000 ms while waiting for the WS endpoint URL to appear in stdout!
    at ChromeLauncher.launch (/var/www/gdpr-consent/backend/node_modules/puppeteer-core/lib/cjs/puppeteer/node/BrowserLauncher.js:164:23)
    at async renderAgreementToPNG (/var/www/gdpr-consent/backend/server.js:229:19)
    at async /var/www/gdpr-consent/backend/server.js:531:5
[/api/consent error] ProtocolError: Page.captureScreenshot timed out. Increase the 'protocolTimeout' setting in launch/connect calls for a higher timeout if needed.
    at <instance_members_initializer> (/var/www/gdpr-consent/backend/node_modules/puppeteer-core/lib/cjs/puppeteer/common/CallbackRegistry.js:102:14)
    at new Callback (/var/www/gdpr-consent/backend/node_modules/puppeteer-core/lib/cjs/puppeteer/common/CallbackRegistry.js:106:16)
    at CallbackRegistry.create (/var/www/gdpr-consent/backend/node_modules/puppeteer-core/lib/cjs/puppeteer/common/CallbackRegistry.js:24:26)
    at Connection._rawSend (/var/www/gdpr-consent/backend/node_modules/puppeteer-core/lib/cjs/puppeteer/cdp/Connection.js:99:26)
    at CdpCDPSession.send (/var/www/gdpr-consent/backend/node_modules/puppeteer-core/lib/cjs/puppeteer/cdp/CdpSession.js:73:33)
    at CdpPage._screenshot (/var/www/gdpr-consent/backend/node_modules/puppeteer-core/lib/cjs/puppeteer/cdp/Page.js:773:62)
    at CdpPage.screenshot (/var/www/gdpr-consent/backend/node_modules/puppeteer-core/lib/cjs/puppeteer/api/Page.js:1075:41)
    at runNextTicks (node:internal/process/task_queues:60:5)
    at process.processImmediate (node:internal/timers:447:9)
    at async CdpPage.<anonymous> (/var/www/gdpr-consent/backend/node_modules/puppeteer-core/lib/cjs/puppeteer/util/decorators.js:172:24)
[/api/consent error] ProtocolError: Page.captureScreenshot timed out. Increase the 'protocolTimeout' setting in launch/connect calls for a higher timeout if needed.
    at <instance_members_initializer> (/var/www/gdpr-consent/backend/node_modules/puppeteer-core/lib/cjs/puppeteer/common/CallbackRegistry.js:102:14)
    at new Callback (/var/www/gdpr-consent/backend/node_modules/puppeteer-core/lib/cjs/puppeteer/common/CallbackRegistry.js:106:16)
    at CallbackRegistry.create (/var/www/gdpr-consent/backend/node_modules/puppeteer-core/lib/cjs/puppeteer/common/CallbackRegistry.js:24:26)
    at Connection._rawSend (/var/www/gdpr-consent/backend/node_modules/puppeteer-core/lib/cjs/puppeteer/cdp/Connection.js:99:26)
    at CdpCDPSession.send (/var/www/gdpr-consent/backend/node_modules/puppeteer-core/lib/cjs/puppeteer/cdp/CdpSession.js:73:33)
    at CdpPage._screenshot (/var/www/gdpr-consent/backend/node_modules/puppeteer-core/lib/cjs/puppeteer/cdp/Page.js:773:62)
    at CdpPage.screenshot (/var/www/gdpr-consent/backend/node_modules/puppeteer-core/lib/cjs/puppeteer/api/Page.js:1075:41)
    at runNextTicks (node:internal/process/task_queues:60:5)
    at process.processImmediate (node:internal/timers:447:9)
    at async CdpPage.<anonymous> (/var/www/gdpr-consent/backend/node_modules/puppeteer-core/lib/cjs/puppeteer/util/decorators.js:172:24)
[/api/consent error] ProtocolError: Page.captureScreenshot timed out. Increase the 'protocolTimeout' setting in launch/connect calls for a higher timeout if needed.
    at <instance_members_initializer> (/var/www/gdpr-consent/backend/node_modules/puppeteer-core/lib/cjs/puppeteer/common/CallbackRegistry.js:102:14)
    at new Callback (/var/www/gdpr-consent/backend/node_modules/puppeteer-core/lib/cjs/puppeteer/common/CallbackRegistry.js:106:16)
    at CallbackRegistry.create (/var/www/gdpr-consent/backend/node_modules/puppeteer-core/lib/cjs/puppeteer/common/CallbackRegistry.js:24:26)
    at Connection._rawSend (/var/www/gdpr-consent/backend/node_modules/puppeteer-core/lib/cjs/puppeteer/cdp/Connection.js:99:26)
    at CdpCDPSession.send (/var/www/gdpr-consent/backend/node_modules/puppeteer-core/lib/cjs/puppeteer/cdp/CdpSession.js:73:33)
    at CdpPage._screenshot (/var/www/gdpr-consent/backend/node_modules/puppeteer-core/lib/cjs/puppeteer/cdp/Page.js:773:62)
    at CdpPage.screenshot (/var/www/gdpr-consent/backend/node_modules/puppeteer-core/lib/cjs/puppeteer/api/Page.js:1075:41)
    at runNextTicks (node:internal/process/task_queues:60:5)
    at process.processImmediate (node:internal/timers:447:9)
    at async CdpPage.<anonymous> (/var/www/gdpr-consent/backend/node_modules/puppeteer-core/lib/cjs/puppeteer/util/decorators.js:172:24)
[/api/consent error] ProtocolError: Page.captureScreenshot timed out. Increase the 'protocolTimeout' setting in launch/connect calls for a higher timeout if needed.
    at <instance_members_initializer> (/var/www/gdpr-consent/backend/node_modules/puppeteer-core/lib/cjs/puppeteer/common/CallbackRegistry.js:102:14)
    at new Callback (/var/www/gdpr-consent/backend/node_modules/puppeteer-core/lib/cjs/puppeteer/common/CallbackRegistry.js:106:16)
    at CallbackRegistry.create (/var/www/gdpr-consent/backend/node_modules/puppeteer-core/lib/cjs/puppeteer/common/CallbackRegistry.js:24:26)
    at Connection._rawSend (/var/www/gdpr-consent/backend/node_modules/puppeteer-core/lib/cjs/puppeteer/cdp/Connection.js:99:26)
    at CdpCDPSession.send (/var/www/gdpr-consent/backend/node_modules/puppeteer-core/lib/cjs/puppeteer/cdp/CdpSession.js:73:33)
    at CdpPage._screenshot (/var/www/gdpr-consent/backend/node_modules/puppeteer-core/lib/cjs/puppeteer/cdp/Page.js:773:62)
    at CdpPage.screenshot (/var/www/gdpr-consent/backend/node_modules/puppeteer-core/lib/cjs/puppeteer/api/Page.js:1075:41)
    at async CdpPage.<anonymous> (/var/www/gdpr-consent/backend/node_modules/puppeteer-core/lib/cjs/puppeteer/util/decorators.js:172:24)
    at async renderAgreementToPNG (/var/www/gdpr-consent/backend/server.js:239:5)
    at async /var/www/gdpr-consent/backend/server.js:531:5
[/api/consent error] ProtocolError: Page.captureScreenshot timed out. Increase the 'protocolTimeout' setting in launch/connect calls for a higher timeout if needed.
    at <instance_members_initializer> (/var/www/gdpr-consent/backend/node_modules/puppeteer-core/lib/cjs/puppeteer/common/CallbackRegistry.js:102:14)
    at new Callback (/var/www/gdpr-consent/backend/node_modules/puppeteer-core/lib/cjs/puppeteer/common/CallbackRegistry.js:106:16)
    at CallbackRegistry.create (/var/www/gdpr-consent/backend/node_modules/puppeteer-core/lib/cjs/puppeteer/common/CallbackRegistry.js:24:26)
    at Connection._rawSend (/var/www/gdpr-consent/backend/node_modules/puppeteer-core/lib/cjs/puppeteer/cdp/Connection.js:99:26)
    at CdpCDPSession.send (/var/www/gdpr-consent/backend/node_modules/puppeteer-core/lib/cjs/puppeteer/cdp/CdpSession.js:73:33)
    at CdpPage._screenshot (/var/www/gdpr-consent/backend/node_modules/puppeteer-core/lib/cjs/puppeteer/cdp/Page.js:773:62)
    at CdpPage.screenshot (/var/www/gdpr-consent/backend/node_modules/puppeteer-core/lib/cjs/puppeteer/api/Page.js:1075:41)
    at runNextTicks (node:internal/process/task_queues:60:5)
    at process.processImmediate (node:internal/timers:447:9)
    at async CdpPage.<anonymous> (/var/www/gdpr-consent/backend/node_modules/puppeteer-core/lib/cjs/puppeteer/util/decorators.js:172:24)
[/api/consent error] ProtocolError: Page.captureScreenshot timed out. Increase the 'protocolTimeout' setting in launch/connect calls for a higher timeout if needed.
    at <instance_members_initializer> (/var/www/gdpr-consent/backend/node_modules/puppeteer-core/lib/cjs/puppeteer/common/CallbackRegistry.js:102:14)
    at new Callback (/var/www/gdpr-consent/backend/node_modules/puppeteer-core/lib/cjs/puppeteer/common/CallbackRegistry.js:106:16)
    at CallbackRegistry.create (/var/www/gdpr-consent/backend/node_modules/puppeteer-core/lib/cjs/puppeteer/common/CallbackRegistry.js:24:26)
    at Connection._rawSend (/var/www/gdpr-consent/backend/node_modules/puppeteer-core/lib/cjs/puppeteer/cdp/Connection.js:99:26)
    at CdpCDPSession.send (/var/www/gdpr-consent/backend/node_modules/puppeteer-core/lib/cjs/puppeteer/cdp/CdpSession.js:73:33)
    at CdpPage._screenshot (/var/www/gdpr-consent/backend/node_modules/puppeteer-core/lib/cjs/puppeteer/cdp/Page.js:773:62)
    at CdpPage.screenshot (/var/www/gdpr-consent/backend/node_modules/puppeteer-core/lib/cjs/puppeteer/api/Page.js:1075:41)
    at async CdpPage.<anonymous> (/var/www/gdpr-consent/backend/node_modules/puppeteer-core/lib/cjs/puppeteer/util/decorators.js:172:24)
    at async renderAgreementToPNG (/var/www/gdpr-consent/backend/server.js:239:5)
    at async /var/www/gdpr-consent/backend/server.js:531:5
[/api/consent error] ProtocolError: Page.captureScreenshot timed out. Increase the 'protocolTimeout' setting in launch/connect calls for a higher timeout if needed.
    at <instance_members_initializer> (/var/www/gdpr-consent/backend/node_modules/puppeteer-core/lib/cjs/puppeteer/common/CallbackRegistry.js:102:14)
    at new Callback (/var/www/gdpr-consent/backend/node_modules/puppeteer-core/lib/cjs/puppeteer/common/CallbackRegistry.js:106:16)
    at CallbackRegistry.create (/var/www/gdpr-consent/backend/node_modules/puppeteer-core/lib/cjs/puppeteer/common/CallbackRegistry.js:24:26)
    at Connection._rawSend (/var/www/gdpr-consent/backend/node_modules/puppeteer-core/lib/cjs/puppeteer/cdp/Connection.js:99:26)
    at CdpCDPSession.send (/var/www/gdpr-consent/backend/node_modules/puppeteer-core/lib/cjs/puppeteer/cdp/CdpSession.js:73:33)
    at CdpPage._screenshot (/var/www/gdpr-consent/backend/node_modules/puppeteer-core/lib/cjs/puppeteer/cdp/Page.js:773:62)
    at CdpPage.screenshot (/var/www/gdpr-consent/backend/node_modules/puppeteer-core/lib/cjs/puppeteer/api/Page.js:1075:41)
    at async CdpPage.<anonymous> (/var/www/gdpr-consent/backend/node_modules/puppeteer-core/lib/cjs/puppeteer/util/decorators.js:172:24)
    at async renderAgreementToPNG (/var/www/gdpr-consent/backend/server.js:239:5)
    at async /var/www/gdpr-consent/backend/server.js:531:5
[/api/consent error] ProtocolError: Page.captureScreenshot timed out. Increase the 'protocolTimeout' setting in launch/connect calls for a higher timeout if needed.
    at <instance_members_initializer> (/var/www/gdpr-consent/backend/node_modules/puppeteer-core/lib/cjs/puppeteer/common/CallbackRegistry.js:102:14)
    at new Callback (/var/www/gdpr-consent/backend/node_modules/puppeteer-core/lib/cjs/puppeteer/common/CallbackRegistry.js:106:16)
    at CallbackRegistry.create (/var/www/gdpr-consent/backend/node_modules/puppeteer-core/lib/cjs/puppeteer/common/CallbackRegistry.js:24:26)
    at Connection._rawSend (/var/www/gdpr-consent/backend/node_modules/puppeteer-core/lib/cjs/puppeteer/cdp/Connection.js:99:26)
    at CdpCDPSession.send (/var/www/gdpr-consent/backend/node_modules/puppeteer-core/lib/cjs/puppeteer/cdp/CdpSession.js:73:33)
    at CdpPage._screenshot (/var/www/gdpr-consent/backend/node_modules/puppeteer-core/lib/cjs/puppeteer/cdp/Page.js:773:62)
    at CdpPage.screenshot (/var/www/gdpr-consent/backend/node_modules/puppeteer-core/lib/cjs/puppeteer/api/Page.js:1075:41)
    at async CdpPage.<anonymous> (/var/www/gdpr-consent/backend/node_modules/puppeteer-core/lib/cjs/puppeteer/util/decorators.js:172:24)
    at async renderAgreementToPNG (/var/www/gdpr-consent/backend/server.js:239:5)
    at async /var/www/gdpr-consent/backend/server.js:531:5
Killed

> gdpr-consent-api@1.0.0 start
> node server.js

API listening on port 3000
Killed

> gdpr-consent-api@1.0.0 start
> node server.js

API listening on port 3000
Killed

> gdpr-consent-api@1.0.0 start
> node server.js

API listening on port 3000
Killed

> gdpr-consent-api@1.0.0 start
> node server.js

API listening on port 3000
Killed

> gdpr-consent-api@1.0.0 start
> node server.js

API listening on port 3000
Killed

> gdpr-consent-api@1.0.0 start
> node server.js

API listening on port 3000
Killed

> gdpr-consent-api@1.0.0 start
> node server.js

API listening on port 3000
Killed

> gdpr-consent-api@1.0.0 start
> node server.js

API listening on port 3000
[/api/consent error] ReferenceError: Cannot access 'conn' before initialization
    at /var/www/gdpr-consent/backend/server.js:636:20
    at Layer.handle [as handle_request] (/var/www/gdpr-consent/backend/node_modules/express/lib/router/layer.js:95:5)
    at next (/var/www/gdpr-consent/backend/node_modules/express/lib/router/route.js:149:13)
    at Route.dispatch (/var/www/gdpr-consent/backend/node_modules/express/lib/router/route.js:119:3)
    at Layer.handle [as handle_request] (/var/www/gdpr-consent/backend/node_modules/express/lib/router/layer.js:95:5)
    at /var/www/gdpr-consent/backend/node_modules/express/lib/router/index.js:284:15
    at Function.process_params (/var/www/gdpr-consent/backend/node_modules/express/lib/router/index.js:346:12)
    at next (/var/www/gdpr-consent/backend/node_modules/express/lib/router/index.js:280:10)
    at serveStatic (/var/www/gdpr-consent/backend/node_modules/serve-static/index.js:75:16)
    at Layer.handle [as handle_request] (/var/www/gdpr-consent/backend/node_modules/express/lib/router/layer.js:95:5)
[/api/consent error] ReferenceError: Cannot access 'conn' before initialization
    at /var/www/gdpr-consent/backend/server.js:636:20
    at Layer.handle [as handle_request] (/var/www/gdpr-consent/backend/node_modules/express/lib/router/layer.js:95:5)
    at next (/var/www/gdpr-consent/backend/node_modules/express/lib/router/route.js:149:13)
    at Route.dispatch (/var/www/gdpr-consent/backend/node_modules/express/lib/router/route.js:119:3)
    at Layer.handle [as handle_request] (/var/www/gdpr-consent/backend/node_modules/express/lib/router/layer.js:95:5)
    at /var/www/gdpr-consent/backend/node_modules/express/lib/router/index.js:284:15
    at Function.process_params (/var/www/gdpr-consent/backend/node_modules/express/lib/router/index.js:346:12)
    at next (/var/www/gdpr-consent/backend/node_modules/express/lib/router/index.js:280:10)
    at serveStatic (/var/www/gdpr-consent/backend/node_modules/serve-static/index.js:75:16)
    at Layer.handle [as handle_request] (/var/www/gdpr-consent/backend/node_modules/express/lib/router/layer.js:95:5)
[/api/consent error] ReferenceError: Cannot access 'conn' before initialization
    at /var/www/gdpr-consent/backend/server.js:636:20
    at Layer.handle [as handle_request] (/var/www/gdpr-consent/backend/node_modules/express/lib/router/layer.js:95:5)
    at next (/var/www/gdpr-consent/backend/node_modules/express/lib/router/route.js:149:13)
    at Route.dispatch (/var/www/gdpr-consent/backend/node_modules/express/lib/router/route.js:119:3)
    at Layer.handle [as handle_request] (/var/www/gdpr-consent/backend/node_modules/express/lib/router/layer.js:95:5)
    at /var/www/gdpr-consent/backend/node_modules/express/lib/router/index.js:284:15
    at Function.process_params (/var/www/gdpr-consent/backend/node_modules/express/lib/router/index.js:346:12)
    at next (/var/www/gdpr-consent/backend/node_modules/express/lib/router/index.js:280:10)
    at serveStatic (/var/www/gdpr-consent/backend/node_modules/serve-static/index.js:75:16)
    at Layer.handle [as handle_request] (/var/www/gdpr-consent/backend/node_modules/express/lib/router/layer.js:95:5)

> gdpr-consent-api@1.0.0 start
> node server.js

API listening on port 3000
[/api/consent error] TimeoutError: Timed out after 30000 ms while waiting for the WS endpoint URL to appear in stdout!
    at ChromeLauncher.launch (/var/www/gdpr-consent/backend/node_modules/puppeteer-core/lib/cjs/puppeteer/node/BrowserLauncher.js:164:23)
    at runNextTicks (node:internal/process/task_queues:60:5)
    at listOnTimeout (node:internal/timers:538:9)
    at process.processTimers (node:internal/timers:512:7)
    at async renderAgreementToPNG (/var/www/gdpr-consent/backend/server.js:328:19)
    at async /var/www/gdpr-consent/backend/server.js:672:5
[/api/consent error] TimeoutError: Timed out after 30000 ms while waiting for the WS endpoint URL to appear in stdout!
    at ChromeLauncher.launch (/var/www/gdpr-consent/backend/node_modules/puppeteer-core/lib/cjs/puppeteer/node/BrowserLauncher.js:164:23)
    at async renderAgreementToPNG (/var/www/gdpr-consent/backend/server.js:328:19)
    at async /var/www/gdpr-consent/backend/server.js:672:5
[/api/consent error] TimeoutError: Timed out after 30000 ms while waiting for the WS endpoint URL to appear in stdout!
    at ChromeLauncher.launch (/var/www/gdpr-consent/backend/node_modules/puppeteer-core/lib/cjs/puppeteer/node/BrowserLauncher.js:164:23)
    at runNextTicks (node:internal/process/task_queues:60:5)
    at listOnTimeout (node:internal/timers:538:9)
    at process.processTimers (node:internal/timers:512:7)
    at async renderAgreementToPNG (/var/www/gdpr-consent/backend/server.js:328:19)
    at async /var/www/gdpr-consent/backend/server.js:672:5
[/api/consent error] TimeoutError: Timed out after 30000 ms while waiting for the WS endpoint URL to appear in stdout!
    at ChromeLauncher.launch (/var/www/gdpr-consent/backend/node_modules/puppeteer-core/lib/cjs/puppeteer/node/BrowserLauncher.js:164:23)
    at runNextTicks (node:internal/process/task_queues:60:5)
    at process.processTimers (node:internal/timers:509:9)
    at async renderAgreementToPNG (/var/www/gdpr-consent/backend/server.js:328:19)
    at async /var/www/gdpr-consent/backend/server.js:672:5
[/api/consent error] ProtocolError: Page.captureScreenshot timed out. Increase the 'protocolTimeout' setting in launch/connect calls for a higher timeout if needed.
    at <instance_members_initializer> (/var/www/gdpr-consent/backend/node_modules/puppeteer-core/lib/cjs/puppeteer/common/CallbackRegistry.js:102:14)
    at new Callback (/var/www/gdpr-consent/backend/node_modules/puppeteer-core/lib/cjs/puppeteer/common/CallbackRegistry.js:106:16)
    at CallbackRegistry.create (/var/www/gdpr-consent/backend/node_modules/puppeteer-core/lib/cjs/puppeteer/common/CallbackRegistry.js:24:26)
    at Connection._rawSend (/var/www/gdpr-consent/backend/node_modules/puppeteer-core/lib/cjs/puppeteer/cdp/Connection.js:99:26)
    at CdpCDPSession.send (/var/www/gdpr-consent/backend/node_modules/puppeteer-core/lib/cjs/puppeteer/cdp/CdpSession.js:73:33)
    at CdpPage._screenshot (/var/www/gdpr-consent/backend/node_modules/puppeteer-core/lib/cjs/puppeteer/cdp/Page.js:773:62)
    at CdpPage.screenshot (/var/www/gdpr-consent/backend/node_modules/puppeteer-core/lib/cjs/puppeteer/api/Page.js:1075:41)
    at runNextTicks (node:internal/process/task_queues:60:5)
    at process.processImmediate (node:internal/timers:447:9)
    at async CdpPage.<anonymous> (/var/www/gdpr-consent/backend/node_modules/puppeteer-core/lib/cjs/puppeteer/util/decorators.js:172:24)
[/api/consent error] ProtocolError: Page.captureScreenshot timed out. Increase the 'protocolTimeout' setting in launch/connect calls for a higher timeout if needed.
    at <instance_members_initializer> (/var/www/gdpr-consent/backend/node_modules/puppeteer-core/lib/cjs/puppeteer/common/CallbackRegistry.js:102:14)
    at new Callback (/var/www/gdpr-consent/backend/node_modules/puppeteer-core/lib/cjs/puppeteer/common/CallbackRegistry.js:106:16)
    at CallbackRegistry.create (/var/www/gdpr-consent/backend/node_modules/puppeteer-core/lib/cjs/puppeteer/common/CallbackRegistry.js:24:26)
    at Connection._rawSend (/var/www/gdpr-consent/backend/node_modules/puppeteer-core/lib/cjs/puppeteer/cdp/Connection.js:99:26)
    at CdpCDPSession.send (/var/www/gdpr-consent/backend/node_modules/puppeteer-core/lib/cjs/puppeteer/cdp/CdpSession.js:73:33)
    at CdpPage._screenshot (/var/www/gdpr-consent/backend/node_modules/puppeteer-core/lib/cjs/puppeteer/cdp/Page.js:773:62)
    at CdpPage.screenshot (/var/www/gdpr-consent/backend/node_modules/puppeteer-core/lib/cjs/puppeteer/api/Page.js:1075:41)
    at async CdpPage.<anonymous> (/var/www/gdpr-consent/backend/node_modules/puppeteer-core/lib/cjs/puppeteer/util/decorators.js:172:24)
    at async renderAgreementToPNG (/var/www/gdpr-consent/backend/server.js:338:5)
    at async /var/www/gdpr-consent/backend/server.js:672:5
[/api/consent error] ProtocolError: Page.captureScreenshot timed out. Increase the 'protocolTimeout' setting in launch/connect calls for a higher timeout if needed.
    at <instance_members_initializer> (/var/www/gdpr-consent/backend/node_modules/puppeteer-core/lib/cjs/puppeteer/common/CallbackRegistry.js:102:14)
    at new Callback (/var/www/gdpr-consent/backend/node_modules/puppeteer-core/lib/cjs/puppeteer/common/CallbackRegistry.js:106:16)
    at CallbackRegistry.create (/var/www/gdpr-consent/backend/node_modules/puppeteer-core/lib/cjs/puppeteer/common/CallbackRegistry.js:24:26)
    at Connection._rawSend (/var/www/gdpr-consent/backend/node_modules/puppeteer-core/lib/cjs/puppeteer/cdp/Connection.js:99:26)
    at CdpCDPSession.send (/var/www/gdpr-consent/backend/node_modules/puppeteer-core/lib/cjs/puppeteer/cdp/CdpSession.js:73:33)
    at CdpPage._screenshot (/var/www/gdpr-consent/backend/node_modules/puppeteer-core/lib/cjs/puppeteer/cdp/Page.js:773:62)
    at CdpPage.screenshot (/var/www/gdpr-consent/backend/node_modules/puppeteer-core/lib/cjs/puppeteer/api/Page.js:1075:41)
    at async CdpPage.<anonymous> (/var/www/gdpr-consent/backend/node_modules/puppeteer-core/lib/cjs/puppeteer/util/decorators.js:172:24)
    at async renderAgreementToPNG (/var/www/gdpr-consent/backend/server.js:338:5)
    at async /var/www/gdpr-consent/backend/server.js:672:5
[/api/consent error] ProtocolError: Page.captureScreenshot timed out. Increase the 'protocolTimeout' setting in launch/connect calls for a higher timeout if needed.
    at <instance_members_initializer> (/var/www/gdpr-consent/backend/node_modules/puppeteer-core/lib/cjs/puppeteer/common/CallbackRegistry.js:102:14)
    at new Callback (/var/www/gdpr-consent/backend/node_modules/puppeteer-core/lib/cjs/puppeteer/common/CallbackRegistry.js:106:16)
    at CallbackRegistry.create (/var/www/gdpr-consent/backend/node_modules/puppeteer-core/lib/cjs/puppeteer/common/CallbackRegistry.js:24:26)
    at Connection._rawSend (/var/www/gdpr-consent/backend/node_modules/puppeteer-core/lib/cjs/puppeteer/cdp/Connection.js:99:26)
    at CdpCDPSession.send (/var/www/gdpr-consent/backend/node_modules/puppeteer-core/lib/cjs/puppeteer/cdp/CdpSession.js:73:33)
    at CdpPage._screenshot (/var/www/gdpr-consent/backend/node_modules/puppeteer-core/lib/cjs/puppeteer/cdp/Page.js:773:62)
    at CdpPage.screenshot (/var/www/gdpr-consent/backend/node_modules/puppeteer-core/lib/cjs/puppeteer/api/Page.js:1075:41)
    at runNextTicks (node:internal/process/task_queues:60:5)
    at process.processImmediate (node:internal/timers:447:9)
    at async CdpPage.<anonymous> (/var/www/gdpr-consent/backend/node_modules/puppeteer-core/lib/cjs/puppeteer/util/decorators.js:172:24)
[/api/consent error] TimeoutError: Timed out after 30000 ms while waiting for the WS endpoint URL to appear in stdout!
    at ChromeLauncher.launch (/var/www/gdpr-consent/backend/node_modules/puppeteer-core/lib/cjs/puppeteer/node/BrowserLauncher.js:164:23)
    at async renderAgreementToPNG (/var/www/gdpr-consent/backend/server.js:328:19)
    at async /var/www/gdpr-consent/backend/server.js:672:5
[/api/consent error] TimeoutError: Timed out after 30000 ms while waiting for the WS endpoint URL to appear in stdout!
    at ChromeLauncher.launch (/var/www/gdpr-consent/backend/node_modules/puppeteer-core/lib/cjs/puppeteer/node/BrowserLauncher.js:164:23)
    at runNextTicks (node:internal/process/task_queues:60:5)
    at process.processTimers (node:internal/timers:509:9)
    at async renderAgreementToPNG (/var/www/gdpr-consent/backend/server.js:328:19)
    at async /var/www/gdpr-consent/backend/server.js:672:5
[/api/consent error] TimeoutError: Timed out after 30000 ms while waiting for the WS endpoint URL to appear in stdout!
    at ChromeLauncher.launch (/var/www/gdpr-consent/backend/node_modules/puppeteer-core/lib/cjs/puppeteer/node/BrowserLauncher.js:164:23)
    at async renderAgreementToPNG (/var/www/gdpr-consent/backend/server.js:328:19)
    at async /var/www/gdpr-consent/backend/server.js:672:5
[/api/consent error] ProtocolError: Page.captureScreenshot timed out. Increase the 'protocolTimeout' setting in launch/connect calls for a higher timeout if needed.
    at <instance_members_initializer> (/var/www/gdpr-consent/backend/node_modules/puppeteer-core/lib/cjs/puppeteer/common/CallbackRegistry.js:102:14)
    at new Callback (/var/www/gdpr-consent/backend/node_modules/puppeteer-core/lib/cjs/puppeteer/common/CallbackRegistry.js:106:16)
    at CallbackRegistry.create (/var/www/gdpr-consent/backend/node_modules/puppeteer-core/lib/cjs/puppeteer/common/CallbackRegistry.js:24:26)
    at Connection._rawSend (/var/www/gdpr-consent/backend/node_modules/puppeteer-core/lib/cjs/puppeteer/cdp/Connection.js:99:26)
    at CdpCDPSession.send (/var/www/gdpr-consent/backend/node_modules/puppeteer-core/lib/cjs/puppeteer/cdp/CdpSession.js:73:33)
    at CdpPage._screenshot (/var/www/gdpr-consent/backend/node_modules/puppeteer-core/lib/cjs/puppeteer/cdp/Page.js:773:62)
    at CdpPage.screenshot (/var/www/gdpr-consent/backend/node_modules/puppeteer-core/lib/cjs/puppeteer/api/Page.js:1075:41)
    at async CdpPage.<anonymous> (/var/www/gdpr-consent/backend/node_modules/puppeteer-core/lib/cjs/puppeteer/util/decorators.js:172:24)
    at async renderAgreementToPNG (/var/www/gdpr-consent/backend/server.js:338:5)
    at async /var/www/gdpr-consent/backend/server.js:672:5
[/api/consent error] ProtocolError: Page.captureScreenshot timed out. Increase the 'protocolTimeout' setting in launch/connect calls for a higher timeout if needed.
    at <instance_members_initializer> (/var/www/gdpr-consent/backend/node_modules/puppeteer-core/lib/cjs/puppeteer/common/CallbackRegistry.js:102:14)
    at new Callback (/var/www/gdpr-consent/backend/node_modules/puppeteer-core/lib/cjs/puppeteer/common/CallbackRegistry.js:106:16)
    at CallbackRegistry.create (/var/www/gdpr-consent/backend/node_modules/puppeteer-core/lib/cjs/puppeteer/common/CallbackRegistry.js:24:26)
    at Connection._rawSend (/var/www/gdpr-consent/backend/node_modules/puppeteer-core/lib/cjs/puppeteer/cdp/Connection.js:99:26)
    at CdpCDPSession.send (/var/www/gdpr-consent/backend/node_modules/puppeteer-core/lib/cjs/puppeteer/cdp/CdpSession.js:73:33)
    at CdpPage._screenshot (/var/www/gdpr-consent/backend/node_modules/puppeteer-core/lib/cjs/puppeteer/cdp/Page.js:773:62)
    at CdpPage.screenshot (/var/www/gdpr-consent/backend/node_modules/puppeteer-core/lib/cjs/puppeteer/api/Page.js:1075:41)
    at runNextTicks (node:internal/process/task_queues:60:5)
    at process.processImmediate (node:internal/timers:447:9)
    at async CdpPage.<anonymous> (/var/www/gdpr-consent/backend/node_modules/puppeteer-core/lib/cjs/puppeteer/util/decorators.js:172:24)
[/api/consent error] ProtocolError: Page.captureScreenshot timed out. Increase the 'protocolTimeout' setting in launch/connect calls for a higher timeout if needed.
    at <instance_members_initializer> (/var/www/gdpr-consent/backend/node_modules/puppeteer-core/lib/cjs/puppeteer/common/CallbackRegistry.js:102:14)
    at new Callback (/var/www/gdpr-consent/backend/node_modules/puppeteer-core/lib/cjs/puppeteer/common/CallbackRegistry.js:106:16)
    at CallbackRegistry.create (/var/www/gdpr-consent/backend/node_modules/puppeteer-core/lib/cjs/puppeteer/common/CallbackRegistry.js:24:26)
    at Connection._rawSend (/var/www/gdpr-consent/backend/node_modules/puppeteer-core/lib/cjs/puppeteer/cdp/Connection.js:99:26)
    at CdpCDPSession.send (/var/www/gdpr-consent/backend/node_modules/puppeteer-core/lib/cjs/puppeteer/cdp/CdpSession.js:73:33)
    at CdpPage._screenshot (/var/www/gdpr-consent/backend/node_modules/puppeteer-core/lib/cjs/puppeteer/cdp/Page.js:773:62)
    at CdpPage.screenshot (/var/www/gdpr-consent/backend/node_modules/puppeteer-core/lib/cjs/puppeteer/api/Page.js:1075:41)
    at async CdpPage.<anonymous> (/var/www/gdpr-consent/backend/node_modules/puppeteer-core/lib/cjs/puppeteer/util/decorators.js:172:24)
    at async renderAgreementToPNG (/var/www/gdpr-consent/backend/server.js:338:5)
    at async /var/www/gdpr-consent/backend/server.js:672:5
BadRequestError: request aborted
    at IncomingMessage.onAborted (/var/www/gdpr-consent/backend/node_modules/raw-body/index.js:245:10)
    at IncomingMessage.emit (node:events:517:28)
    at IncomingMessage._destroy (node:_http_incoming:224:10)
    at _destroy (node:internal/streams/destroy:109:10)
    at IncomingMessage.destroy (node:internal/streams/destroy:71:5)
    at abortIncoming (node:_http_server:782:9)
    at socketOnClose (node:_http_server:776:3)
    at Socket.emit (node:events:529:35)
    at TCP.<anonymous> (node:net:351:12)
BadRequestError: request aborted
    at IncomingMessage.onAborted (/var/www/gdpr-consent/backend/node_modules/raw-body/index.js:245:10)
    at IncomingMessage.emit (node:events:517:28)
    at IncomingMessage._destroy (node:_http_incoming:224:10)
    at _destroy (node:internal/streams/destroy:109:10)
    at IncomingMessage.destroy (node:internal/streams/destroy:71:5)
    at abortIncoming (node:_http_server:782:9)
    at socketOnClose (node:_http_server:776:3)
    at Socket.emit (node:events:529:35)
    at TCP.<anonymous> (node:net:351:12)
Error: connect ETIMEDOUT
    at PromisePool.execute (/var/www/gdpr-consent/backend/node_modules/mysql2/lib/promise/pool.js:54:22)
    at /var/www/gdpr-consent/backend/server.js:402:31
    at Layer.handle [as handle_request] (/var/www/gdpr-consent/backend/node_modules/express/lib/router/layer.js:95:5)
    at next (/var/www/gdpr-consent/backend/node_modules/express/lib/router/route.js:149:13)
    at Route.dispatch (/var/www/gdpr-consent/backend/node_modules/express/lib/router/route.js:119:3)
    at Layer.handle [as handle_request] (/var/www/gdpr-consent/backend/node_modules/express/lib/router/layer.js:95:5)
    at /var/www/gdpr-consent/backend/node_modules/express/lib/router/index.js:284:15
    at Function.process_params (/var/www/gdpr-consent/backend/node_modules/express/lib/router/index.js:346:12)
    at next (/var/www/gdpr-consent/backend/node_modules/express/lib/router/index.js:280:10)
    at SendStream.error (/var/www/gdpr-consent/backend/node_modules/serve-static/index.js:121:7) {
  code: 'ETIMEDOUT',
  errno: undefined,
  sql: undefined,
  sqlState: undefined,
  sqlMessage: undefined
}
Error: connect ETIMEDOUT
    at PromisePool.execute (/var/www/gdpr-consent/backend/node_modules/mysql2/lib/promise/pool.js:54:22)
    at /var/www/gdpr-consent/backend/server.js:402:31
    at Layer.handle [as handle_request] (/var/www/gdpr-consent/backend/node_modules/express/lib/router/layer.js:95:5)
    at next (/var/www/gdpr-consent/backend/node_modules/express/lib/router/route.js:149:13)
    at Route.dispatch (/var/www/gdpr-consent/backend/node_modules/express/lib/router/route.js:119:3)
    at Layer.handle [as handle_request] (/var/www/gdpr-consent/backend/node_modules/express/lib/router/layer.js:95:5)
    at /var/www/gdpr-consent/backend/node_modules/express/lib/router/index.js:284:15
    at Function.process_params (/var/www/gdpr-consent/backend/node_modules/express/lib/router/index.js:346:12)
    at next (/var/www/gdpr-consent/backend/node_modules/express/lib/router/index.js:280:10)
    at SendStream.error (/var/www/gdpr-consent/backend/node_modules/serve-static/index.js:121:7) {
  code: 'ETIMEDOUT',
  errno: undefined,
  sql: undefined,
  sqlState: undefined,
  sqlMessage: undefined
}
[/api/consent error] TimeoutError: Timed out after 30000 ms while waiting for the WS endpoint URL to appear in stdout!
    at ChromeLauncher.launch (/var/www/gdpr-consent/backend/node_modules/puppeteer-core/lib/cjs/puppeteer/node/BrowserLauncher.js:164:23)
    at async renderAgreementToPNG (/var/www/gdpr-consent/backend/server.js:328:19)
    at async /var/www/gdpr-consent/backend/server.js:672:5
[/api/consent error] TimeoutError: Timed out after 30000 ms while waiting for the WS endpoint URL to appear in stdout!
    at ChromeLauncher.launch (/var/www/gdpr-consent/backend/node_modules/puppeteer-core/lib/cjs/puppeteer/node/BrowserLauncher.js:164:23)
    at runNextTicks (node:internal/process/task_queues:60:5)
    at listOnTimeout (node:internal/timers:538:9)
    at process.processTimers (node:internal/timers:512:7)
    at async renderAgreementToPNG (/var/www/gdpr-consent/backend/server.js:328:19)
    at async /var/www/gdpr-consent/backend/server.js:672:5
[/api/consent error] TimeoutError: Timed out after 30000 ms while waiting for the WS endpoint URL to appear in stdout!
    at ChromeLauncher.launch (/var/www/gdpr-consent/backend/node_modules/puppeteer-core/lib/cjs/puppeteer/node/BrowserLauncher.js:164:23)
    at runNextTicks (node:internal/process/task_queues:60:5)
    at process.processTimers (node:internal/timers:509:9)
    at async renderAgreementToPNG (/var/www/gdpr-consent/backend/server.js:328:19)
    at async /var/www/gdpr-consent/backend/server.js:672:5

> gdpr-consent-api@1.0.0 start
> node server.js

node:events:495
      throw er; // Unhandled 'error' event
      ^

Error: listen EADDRINUSE: address already in use :::3000
    at Server.setupListenHandle [as _listen2] (node:net:1811:16)
    at listenInCluster (node:net:1859:12)
    at Server.listen (node:net:1947:7)
    at Function.listen (/var/www/gdpr-consent/backend/node_modules/express/lib/application.js:635:24)
    at Object.<anonymous> (/var/www/gdpr-consent/backend/server.js:982:5)
    at Module._compile (node:internal/modules/cjs/loader:1356:14)
    at Module._extensions..js (node:internal/modules/cjs/loader:1414:10)
    at Module.load (node:internal/modules/cjs/loader:1197:32)
    at Module._load (node:internal/modules/cjs/loader:1013:12)
    at Function.executeUserEntryPoint [as runMain] (node:internal/modules/run_main:128:12)
Emitted 'error' event on Server instance at:
    at emitErrorNT (node:net:1838:8)
    at process.processTicksAndRejections (node:internal/process/task_queues:82:21) {
  code: 'EADDRINUSE',
  errno: -98,
  syscall: 'listen',
  address: '::',
  port: 3000
}

Node.js v18.19.1

> gdpr-consent-api@1.0.0 start
> node server.js

node:events:495
      throw er; // Unhandled 'error' event
      ^

Error: listen EADDRINUSE: address already in use :::3000
    at Server.setupListenHandle [as _listen2] (node:net:1811:16)
    at listenInCluster (node:net:1859:12)
    at Server.listen (node:net:1947:7)
    at Function.listen (/var/www/gdpr-consent/backend/node_modules/express/lib/application.js:635:24)
    at Object.<anonymous> (/var/www/gdpr-consent/backend/server.js:982:5)
    at Module._compile (node:internal/modules/cjs/loader:1356:14)
    at Module._extensions..js (node:internal/modules/cjs/loader:1414:10)
    at Module.load (node:internal/modules/cjs/loader:1197:32)
    at Module._load (node:internal/modules/cjs/loader:1013:12)
    at Function.executeUserEntryPoint [as runMain] (node:internal/modules/run_main:128:12)
Emitted 'error' event on Server instance at:
    at emitErrorNT (node:net:1838:8)
    at process.processTicksAndRejections (node:internal/process/task_queues:82:21) {
  code: 'EADDRINUSE',
  errno: -98,
  syscall: 'listen',
  address: '::',
  port: 3000
}

Node.js v18.19.1

> gdpr-consent-api@1.0.0 start
> node server.js

API listening on port 3000
[/api/consent error] TimeoutError: Timed out after 30000 ms while waiting for the WS endpoint URL to appear in stdout!
    at ChromeLauncher.launch (/var/www/gdpr-consent/backend/node_modules/puppeteer-core/lib/cjs/puppeteer/node/BrowserLauncher.js:164:23)
    at runNextTicks (node:internal/process/task_queues:60:5)
    at listOnTimeout (node:internal/timers:538:9)
    at process.processTimers (node:internal/timers:512:7)
    at async renderAgreementToPNG (/var/www/gdpr-consent/backend/server.js:328:19)
    at async /var/www/gdpr-consent/backend/server.js:672:5
[/api/consent error] TimeoutError: Timed out after 30000 ms while waiting for the WS endpoint URL to appear in stdout!
    at ChromeLauncher.launch (/var/www/gdpr-consent/backend/node_modules/puppeteer-core/lib/cjs/puppeteer/node/BrowserLauncher.js:164:23)
    at runNextTicks (node:internal/process/task_queues:60:5)
    at process.processTimers (node:internal/timers:509:9)
    at async renderAgreementToPNG (/var/www/gdpr-consent/backend/server.js:328:19)
    at async /var/www/gdpr-consent/backend/server.js:672:5
[/api/consent error] Error: connect ETIMEDOUT
    at PromisePool.execute (/var/www/gdpr-consent/backend/node_modules/mysql2/lib/promise/pool.js:54:22)
    at /var/www/gdpr-consent/backend/server.js:636:31
    at Layer.handle [as handle_request] (/var/www/gdpr-consent/backend/node_modules/express/lib/router/layer.js:95:5)
    at next (/var/www/gdpr-consent/backend/node_modules/express/lib/router/route.js:149:13)
    at Route.dispatch (/var/www/gdpr-consent/backend/node_modules/express/lib/router/route.js:119:3)
    at Layer.handle [as handle_request] (/var/www/gdpr-consent/backend/node_modules/express/lib/router/layer.js:95:5)
    at /var/www/gdpr-consent/backend/node_modules/express/lib/router/index.js:284:15
    at Function.process_params (/var/www/gdpr-consent/backend/node_modules/express/lib/router/index.js:346:12)
    at next (/var/www/gdpr-consent/backend/node_modules/express/lib/router/index.js:280:10)
    at serveStatic (/var/www/gdpr-consent/backend/node_modules/serve-static/index.js:75:16)
[/api/consent error] ProtocolError: Page.captureScreenshot timed out. Increase the 'protocolTimeout' setting in launch/connect calls for a higher timeout if needed.
    at <instance_members_initializer> (/var/www/gdpr-consent/backend/node_modules/puppeteer-core/lib/cjs/puppeteer/common/CallbackRegistry.js:102:14)
    at new Callback (/var/www/gdpr-consent/backend/node_modules/puppeteer-core/lib/cjs/puppeteer/common/CallbackRegistry.js:106:16)
    at CallbackRegistry.create (/var/www/gdpr-consent/backend/node_modules/puppeteer-core/lib/cjs/puppeteer/common/CallbackRegistry.js:24:26)
    at Connection._rawSend (/var/www/gdpr-consent/backend/node_modules/puppeteer-core/lib/cjs/puppeteer/cdp/Connection.js:99:26)
    at CdpCDPSession.send (/var/www/gdpr-consent/backend/node_modules/puppeteer-core/lib/cjs/puppeteer/cdp/CdpSession.js:73:33)
    at CdpPage._screenshot (/var/www/gdpr-consent/backend/node_modules/puppeteer-core/lib/cjs/puppeteer/cdp/Page.js:773:62)
    at CdpPage.screenshot (/var/www/gdpr-consent/backend/node_modules/puppeteer-core/lib/cjs/puppeteer/api/Page.js:1075:41)
    at async CdpPage.<anonymous> (/var/www/gdpr-consent/backend/node_modules/puppeteer-core/lib/cjs/puppeteer/util/decorators.js:172:24)
    at async renderAgreementToPNG (/var/www/gdpr-consent/backend/server.js:338:5)
    at async /var/www/gdpr-consent/backend/server.js:672:5
[/api/consent error] ProtocolError: Page.captureScreenshot timed out. Increase the 'protocolTimeout' setting in launch/connect calls for a higher timeout if needed.
    at <instance_members_initializer> (/var/www/gdpr-consent/backend/node_modules/puppeteer-core/lib/cjs/puppeteer/common/CallbackRegistry.js:102:14)
    at new Callback (/var/www/gdpr-consent/backend/node_modules/puppeteer-core/lib/cjs/puppeteer/common/CallbackRegistry.js:106:16)
    at CallbackRegistry.create (/var/www/gdpr-consent/backend/node_modules/puppeteer-core/lib/cjs/puppeteer/common/CallbackRegistry.js:24:26)
    at Connection._rawSend (/var/www/gdpr-consent/backend/node_modules/puppeteer-core/lib/cjs/puppeteer/cdp/Connection.js:99:26)
    at CdpCDPSession.send (/var/www/gdpr-consent/backend/node_modules/puppeteer-core/lib/cjs/puppeteer/cdp/CdpSession.js:73:33)
    at CdpPage._screenshot (/var/www/gdpr-consent/backend/node_modules/puppeteer-core/lib/cjs/puppeteer/cdp/Page.js:773:62)
    at CdpPage.screenshot (/var/www/gdpr-consent/backend/node_modules/puppeteer-core/lib/cjs/puppeteer/api/Page.js:1075:41)
    at runNextTicks (node:internal/process/task_queues:60:5)
    at process.processImmediate (node:internal/timers:447:9)
    at async CdpPage.<anonymous> (/var/www/gdpr-consent/backend/node_modules/puppeteer-core/lib/cjs/puppeteer/util/decorators.js:172:24)
[/api/consent error] ProtocolError: Page.captureScreenshot timed out. Increase the 'protocolTimeout' setting in launch/connect calls for a higher timeout if needed.
    at <instance_members_initializer> (/var/www/gdpr-consent/backend/node_modules/puppeteer-core/lib/cjs/puppeteer/common/CallbackRegistry.js:102:14)
    at new Callback (/var/www/gdpr-consent/backend/node_modules/puppeteer-core/lib/cjs/puppeteer/common/CallbackRegistry.js:106:16)
    at CallbackRegistry.create (/var/www/gdpr-consent/backend/node_modules/puppeteer-core/lib/cjs/puppeteer/common/CallbackRegistry.js:24:26)
    at Connection._rawSend (/var/www/gdpr-consent/backend/node_modules/puppeteer-core/lib/cjs/puppeteer/cdp/Connection.js:99:26)
    at CdpCDPSession.send (/var/www/gdpr-consent/backend/node_modules/puppeteer-core/lib/cjs/puppeteer/cdp/CdpSession.js:73:33)
    at CdpPage._screenshot (/var/www/gdpr-consent/backend/node_modules/puppeteer-core/lib/cjs/puppeteer/cdp/Page.js:773:62)
    at CdpPage.screenshot (/var/www/gdpr-consent/backend/node_modules/puppeteer-core/lib/cjs/puppeteer/api/Page.js:1075:41)
    at async CdpPage.<anonymous> (/var/www/gdpr-consent/backend/node_modules/puppeteer-core/lib/cjs/puppeteer/util/decorators.js:172:24)
    at async renderAgreementToPNG (/var/www/gdpr-consent/backend/server.js:338:5)
    at async /var/www/gdpr-consent/backend/server.js:672:5
[/api/consent error] ProtocolError: Page.captureScreenshot timed out. Increase the 'protocolTimeout' setting in launch/connect calls for a higher timeout if needed.
    at <instance_members_initializer> (/var/www/gdpr-consent/backend/node_modules/puppeteer-core/lib/cjs/puppeteer/common/CallbackRegistry.js:102:14)
    at new Callback (/var/www/gdpr-consent/backend/node_modules/puppeteer-core/lib/cjs/puppeteer/common/CallbackRegistry.js:106:16)
    at CallbackRegistry.create (/var/www/gdpr-consent/backend/node_modules/puppeteer-core/lib/cjs/puppeteer/common/CallbackRegistry.js:24:26)
    at Connection._rawSend (/var/www/gdpr-consent/backend/node_modules/puppeteer-core/lib/cjs/puppeteer/cdp/Connection.js:99:26)
    at CdpCDPSession.send (/var/www/gdpr-consent/backend/node_modules/puppeteer-core/lib/cjs/puppeteer/cdp/CdpSession.js:73:33)
    at CdpPage._screenshot (/var/www/gdpr-consent/backend/node_modules/puppeteer-core/lib/cjs/puppeteer/cdp/Page.js:773:62)
    at CdpPage.screenshot (/var/www/gdpr-consent/backend/node_modules/puppeteer-core/lib/cjs/puppeteer/api/Page.js:1075:41)
    at runNextTicks (node:internal/process/task_queues:60:5)
    at process.processImmediate (node:internal/timers:447:9)
    at async CdpPage.<anonymous> (/var/www/gdpr-consent/backend/node_modules/puppeteer-core/lib/cjs/puppeteer/util/decorators.js:172:24)

> gdpr-consent-api@1.0.0 start
> node server.js

node:internal/modules/cjs/loader:1137
  throw err;
  ^

Error: Cannot find module 'express-session'
Require stack:
- /var/www/gdpr-consent/backend/server.js
    at Module._resolveFilename (node:internal/modules/cjs/loader:1134:15)
    at Module._load (node:internal/modules/cjs/loader:975:27)
    at Module.require (node:internal/modules/cjs/loader:1225:19)
    at require (node:internal/modules/helpers:177:18)
    at Object.<anonymous> (/var/www/gdpr-consent/backend/server.js:7:17)
    at Module._compile (node:internal/modules/cjs/loader:1356:14)
    at Module._extensions..js (node:internal/modules/cjs/loader:1414:10)
    at Module.load (node:internal/modules/cjs/loader:1197:32)
    at Module._load (node:internal/modules/cjs/loader:1013:12)
    at Function.executeUserEntryPoint [as runMain] (node:internal/modules/run_main:128:12) {
  code: 'MODULE_NOT_FOUND',
  requireStack: [ '/var/www/gdpr-consent/backend/server.js' ]
}

Node.js v18.19.1

> gdpr-consent-api@1.0.0 start
> node server.js

API listening on port 3000

> gdpr-consent-api@1.0.0 start
> node server.js

API listening on port 3000
Error: Data too long for column 'email' at row 1
    at PromisePool.execute (/var/www/gdpr-consent/backend/node_modules/mysql2/lib/promise/pool.js:54:22)
    at /var/www/gdpr-consent/backend/server.js:363:35
    at process.processTicksAndRejections (node:internal/process/task_queues:95:5) {
  code: 'ER_DATA_TOO_LONG',
  errno: 1406,
  sql: 'INSERT INTO candidates (email) VALUES (?)',
  sqlState: '22001',
  sqlMessage: "Data too long for column 'email' at row 1"
}
Error: Parse Error: Invalid method encountered
[/api/consent error] TimeoutError: Timed out after 30000 ms while waiting for the WS endpoint URL to appear in stdout!
    at ChromeLauncher.launch (/var/www/gdpr-consent/backend/node_modules/puppeteer-core/lib/cjs/puppeteer/node/BrowserLauncher.js:164:23)
    at runNextTicks (node:internal/process/task_queues:60:5)
    at listOnTimeout (node:internal/timers:538:9)
    at process.processTimers (node:internal/timers:512:7)
    at async renderAgreementToPNG (/var/www/gdpr-consent/backend/server.js:328:19)
    at async /var/www/gdpr-consent/backend/server.js:672:5
[/api/consent error] TimeoutError: Timed out after 30000 ms while waiting for the WS endpoint URL to appear in stdout!
    at ChromeLauncher.launch (/var/www/gdpr-consent/backend/node_modules/puppeteer-core/lib/cjs/puppeteer/node/BrowserLauncher.js:164:23)
    at runNextTicks (node:internal/process/task_queues:60:5)
    at listOnTimeout (node:internal/timers:538:9)
    at process.processTimers (node:internal/timers:512:7)
    at async renderAgreementToPNG (/var/www/gdpr-consent/backend/server.js:328:19)
    at async /var/www/gdpr-consent/backend/server.js:672:5
[/api/consent error] TimeoutError: Timed out after 30000 ms while waiting for the WS endpoint URL to appear in stdout!
    at ChromeLauncher.launch (/var/www/gdpr-consent/backend/node_modules/puppeteer-core/lib/cjs/puppeteer/node/BrowserLauncher.js:164:23)
    at async renderAgreementToPNG (/var/www/gdpr-consent/backend/server.js:328:19)
    at async /var/www/gdpr-consent/backend/server.js:672:5
Warning: got packets out of order. Expected 2 but received 1
[/api/consent error] Error: Got timeout reading communication packets
    at PromisePool.execute (/var/www/gdpr-consent/backend/node_modules/mysql2/lib/promise/pool.js:54:22)
    at /var/www/gdpr-consent/backend/server.js:636:31
    at Layer.handle [as handle_request] (/var/www/gdpr-consent/backend/node_modules/express/lib/router/layer.js:95:5)
    at next (/var/www/gdpr-consent/backend/node_modules/express/lib/router/route.js:149:13)
    at Route.dispatch (/var/www/gdpr-consent/backend/node_modules/express/lib/router/route.js:119:3)
    at Layer.handle [as handle_request] (/var/www/gdpr-consent/backend/node_modules/express/lib/router/layer.js:95:5)
    at /var/www/gdpr-consent/backend/node_modules/express/lib/router/index.js:284:15
    at Function.process_params (/var/www/gdpr-consent/backend/node_modules/express/lib/router/index.js:346:12)
    at next (/var/www/gdpr-consent/backend/node_modules/express/lib/router/index.js:280:10)
    at serveStatic (/var/www/gdpr-consent/backend/node_modules/serve-static/index.js:75:16)
[/api/consent error] ProtocolError: Page.captureScreenshot timed out. Increase the 'protocolTimeout' setting in launch/connect calls for a higher timeout if needed.
    at <instance_members_initializer> (/var/www/gdpr-consent/backend/node_modules/puppeteer-core/lib/cjs/puppeteer/common/CallbackRegistry.js:102:14)
    at new Callback (/var/www/gdpr-consent/backend/node_modules/puppeteer-core/lib/cjs/puppeteer/common/CallbackRegistry.js:106:16)
    at CallbackRegistry.create (/var/www/gdpr-consent/backend/node_modules/puppeteer-core/lib/cjs/puppeteer/common/CallbackRegistry.js:24:26)
    at Connection._rawSend (/var/www/gdpr-consent/backend/node_modules/puppeteer-core/lib/cjs/puppeteer/cdp/Connection.js:99:26)
    at CdpCDPSession.send (/var/www/gdpr-consent/backend/node_modules/puppeteer-core/lib/cjs/puppeteer/cdp/CdpSession.js:73:33)
    at CdpPage._screenshot (/var/www/gdpr-consent/backend/node_modules/puppeteer-core/lib/cjs/puppeteer/cdp/Page.js:773:62)
    at CdpPage.screenshot (/var/www/gdpr-consent/backend/node_modules/puppeteer-core/lib/cjs/puppeteer/api/Page.js:1075:41)
    at runNextTicks (node:internal/process/task_queues:60:5)
    at process.processImmediate (node:internal/timers:447:9)
    at async CdpPage.<anonymous> (/var/www/gdpr-consent/backend/node_modules/puppeteer-core/lib/cjs/puppeteer/util/decorators.js:172:24)
[/api/consent error] ProtocolError: Page.captureScreenshot timed out. Increase the 'protocolTimeout' setting in launch/connect calls for a higher timeout if needed.
    at <instance_members_initializer> (/var/www/gdpr-consent/backend/node_modules/puppeteer-core/lib/cjs/puppeteer/common/CallbackRegistry.js:102:14)
    at new Callback (/var/www/gdpr-consent/backend/node_modules/puppeteer-core/lib/cjs/puppeteer/common/CallbackRegistry.js:106:16)
    at CallbackRegistry.create (/var/www/gdpr-consent/backend/node_modules/puppeteer-core/lib/cjs/puppeteer/common/CallbackRegistry.js:24:26)
    at Connection._rawSend (/var/www/gdpr-consent/backend/node_modules/puppeteer-core/lib/cjs/puppeteer/cdp/Connection.js:99:26)
    at CdpCDPSession.send (/var/www/gdpr-consent/backend/node_modules/puppeteer-core/lib/cjs/puppeteer/cdp/CdpSession.js:73:33)
    at CdpPage._screenshot (/var/www/gdpr-consent/backend/node_modules/puppeteer-core/lib/cjs/puppeteer/cdp/Page.js:773:62)
    at CdpPage.screenshot (/var/www/gdpr-consent/backend/node_modules/puppeteer-core/lib/cjs/puppeteer/api/Page.js:1075:41)
    at runNextTicks (node:internal/process/task_queues:60:5)
    at process.processImmediate (node:internal/timers:447:9)
    at async CdpPage.<anonymous> (/var/www/gdpr-consent/backend/node_modules/puppeteer-core/lib/cjs/puppeteer/util/decorators.js:172:24)
[/api/consent error] ProtocolError: Page.captureScreenshot timed out. Increase the 'protocolTimeout' setting in launch/connect calls for a higher timeout if needed.
    at <instance_members_initializer> (/var/www/gdpr-consent/backend/node_modules/puppeteer-core/lib/cjs/puppeteer/common/CallbackRegistry.js:102:14)
    at new Callback (/var/www/gdpr-consent/backend/node_modules/puppeteer-core/lib/cjs/puppeteer/common/CallbackRegistry.js:106:16)
    at CallbackRegistry.create (/var/www/gdpr-consent/backend/node_modules/puppeteer-core/lib/cjs/puppeteer/common/CallbackRegistry.js:24:26)
    at Connection._rawSend (/var/www/gdpr-consent/backend/node_modules/puppeteer-core/lib/cjs/puppeteer/cdp/Connection.js:99:26)
    at CdpCDPSession.send (/var/www/gdpr-consent/backend/node_modules/puppeteer-core/lib/cjs/puppeteer/cdp/CdpSession.js:73:33)
    at CdpPage._screenshot (/var/www/gdpr-consent/backend/node_modules/puppeteer-core/lib/cjs/puppeteer/cdp/Page.js:773:62)
    at CdpPage.screenshot (/var/www/gdpr-consent/backend/node_modules/puppeteer-core/lib/cjs/puppeteer/api/Page.js:1075:41)
    at async CdpPage.<anonymous> (/var/www/gdpr-consent/backend/node_modules/puppeteer-core/lib/cjs/puppeteer/util/decorators.js:172:24)
    at async renderAgreementToPNG (/var/www/gdpr-consent/backend/server.js:338:5)
    at async /var/www/gdpr-consent/backend/server.js:672:5
[/api/consent error] ProtocolError: Page.captureScreenshot timed out. Increase the 'protocolTimeout' setting in launch/connect calls for a higher timeout if needed.
    at <instance_members_initializer> (/var/www/gdpr-consent/backend/node_modules/puppeteer-core/lib/cjs/puppeteer/common/CallbackRegistry.js:102:14)
    at new Callback (/var/www/gdpr-consent/backend/node_modules/puppeteer-core/lib/cjs/puppeteer/common/CallbackRegistry.js:106:16)
    at CallbackRegistry.create (/var/www/gdpr-consent/backend/node_modules/puppeteer-core/lib/cjs/puppeteer/common/CallbackRegistry.js:24:26)
    at Connection._rawSend (/var/www/gdpr-consent/backend/node_modules/puppeteer-core/lib/cjs/puppeteer/cdp/Connection.js:99:26)
    at CdpCDPSession.send (/var/www/gdpr-consent/backend/node_modules/puppeteer-core/lib/cjs/puppeteer/cdp/CdpSession.js:73:33)
    at CdpPage._screenshot (/var/www/gdpr-consent/backend/node_modules/puppeteer-core/lib/cjs/puppeteer/cdp/Page.js:773:62)
    at CdpPage.screenshot (/var/www/gdpr-consent/backend/node_modules/puppeteer-core/lib/cjs/puppeteer/api/Page.js:1075:41)
    at runNextTicks (node:internal/process/task_queues:60:5)
    at process.processImmediate (node:internal/timers:447:9)
    at async CdpPage.<anonymous> (/var/www/gdpr-consent/backend/node_modules/puppeteer-core/lib/cjs/puppeteer/util/decorators.js:172:24)
[/api/consent error] ProtocolError: Page.captureScreenshot timed out. Increase the 'protocolTimeout' setting in launch/connect calls for a higher timeout if needed.
    at <instance_members_initializer> (/var/www/gdpr-consent/backend/node_modules/puppeteer-core/lib/cjs/puppeteer/common/CallbackRegistry.js:102:14)
    at new Callback (/var/www/gdpr-consent/backend/node_modules/puppeteer-core/lib/cjs/puppeteer/common/CallbackRegistry.js:106:16)
    at CallbackRegistry.create (/var/www/gdpr-consent/backend/node_modules/puppeteer-core/lib/cjs/puppeteer/common/CallbackRegistry.js:24:26)
    at Connection._rawSend (/var/www/gdpr-consent/backend/node_modules/puppeteer-core/lib/cjs/puppeteer/cdp/Connection.js:99:26)
    at CdpCDPSession.send (/var/www/gdpr-consent/backend/node_modules/puppeteer-core/lib/cjs/puppeteer/cdp/CdpSession.js:73:33)
    at CdpPage._screenshot (/var/www/gdpr-consent/backend/node_modules/puppeteer-core/lib/cjs/puppeteer/cdp/Page.js:773:62)
    at CdpPage.screenshot (/var/www/gdpr-consent/backend/node_modules/puppeteer-core/lib/cjs/puppeteer/api/Page.js:1075:41)
    at async CdpPage.<anonymous> (/var/www/gdpr-consent/backend/node_modules/puppeteer-core/lib/cjs/puppeteer/util/decorators.js:172:24)
    at async renderAgreementToPNG (/var/www/gdpr-consent/backend/server.js:338:5)
    at async /var/www/gdpr-consent/backend/server.js:672:5
[/api/consent error] ProtocolError: Page.captureScreenshot timed out. Increase the 'protocolTimeout' setting in launch/connect calls for a higher timeout if needed.
    at <instance_members_initializer> (/var/www/gdpr-consent/backend/node_modules/puppeteer-core/lib/cjs/puppeteer/common/CallbackRegistry.js:102:14)
    at new Callback (/var/www/gdpr-consent/backend/node_modules/puppeteer-core/lib/cjs/puppeteer/common/CallbackRegistry.js:106:16)
    at CallbackRegistry.create (/var/www/gdpr-consent/backend/node_modules/puppeteer-core/lib/cjs/puppeteer/common/CallbackRegistry.js:24:26)
    at Connection._rawSend (/var/www/gdpr-consent/backend/node_modules/puppeteer-core/lib/cjs/puppeteer/cdp/Connection.js:99:26)
    at CdpCDPSession.send (/var/www/gdpr-consent/backend/node_modules/puppeteer-core/lib/cjs/puppeteer/cdp/CdpSession.js:73:33)
    at CdpPage._screenshot (/var/www/gdpr-consent/backend/node_modules/puppeteer-core/lib/cjs/puppeteer/cdp/Page.js:773:62)
    at CdpPage.screenshot (/var/www/gdpr-consent/backend/node_modules/puppeteer-core/lib/cjs/puppeteer/api/Page.js:1075:41)
    at async CdpPage.<anonymous> (/var/www/gdpr-consent/backend/node_modules/puppeteer-core/lib/cjs/puppeteer/util/decorators.js:172:24)
    at async renderAgreementToPNG (/var/www/gdpr-consent/backend/server.js:338:5)
    at async /var/www/gdpr-consent/backend/server.js:672:5
[/api/consent error] ProtocolError: Page.captureScreenshot timed out. Increase the 'protocolTimeout' setting in launch/connect calls for a higher timeout if needed.
    at <instance_members_initializer> (/var/www/gdpr-consent/backend/node_modules/puppeteer-core/lib/cjs/puppeteer/common/CallbackRegistry.js:102:14)
    at new Callback (/var/www/gdpr-consent/backend/node_modules/puppeteer-core/lib/cjs/puppeteer/common/CallbackRegistry.js:106:16)
    at CallbackRegistry.create (/var/www/gdpr-consent/backend/node_modules/puppeteer-core/lib/cjs/puppeteer/common/CallbackRegistry.js:24:26)
    at Connection._rawSend (/var/www/gdpr-consent/backend/node_modules/puppeteer-core/lib/cjs/puppeteer/cdp/Connection.js:99:26)
    at CdpCDPSession.send (/var/www/gdpr-consent/backend/node_modules/puppeteer-core/lib/cjs/puppeteer/cdp/CdpSession.js:73:33)
    at CdpPage._screenshot (/var/www/gdpr-consent/backend/node_modules/puppeteer-core/lib/cjs/puppeteer/cdp/Page.js:773:62)
    at CdpPage.screenshot (/var/www/gdpr-consent/backend/node_modules/puppeteer-core/lib/cjs/puppeteer/api/Page.js:1075:41)
    at async CdpPage.<anonymous> (/var/www/gdpr-consent/backend/node_modules/puppeteer-core/lib/cjs/puppeteer/util/decorators.js:172:24)
    at async renderAgreementToPNG (/var/www/gdpr-consent/backend/server.js:338:5)
    at async /var/www/gdpr-consent/backend/server.js:672:5
BadRequestError: request aborted
    at IncomingMessage.onAborted (/var/www/gdpr-consent/backend/node_modules/raw-body/index.js:245:10)
    at IncomingMessage.emit (node:events:517:28)
    at IncomingMessage._destroy (node:_http_incoming:224:10)
    at _destroy (node:internal/streams/destroy:109:10)
    at IncomingMessage.destroy (node:internal/streams/destroy:71:5)
    at abortIncoming (node:_http_server:782:9)
    at socketOnClose (node:_http_server:776:3)
    at Socket.emit (node:events:529:35)
    at TCP.<anonymous> (node:net:351:12)
SyntaxError: Unexpected token \ in JSON at position 1
    at JSON.parse (<anonymous>)
    at parse (/var/www/gdpr-consent/backend/node_modules/body-parser/lib/types/json.js:92:19)
    at /var/www/gdpr-consent/backend/node_modules/body-parser/lib/read.js:128:18
    at AsyncResource.runInAsyncScope (node:async_hooks:203:9)
    at invokeCallback (/var/www/gdpr-consent/backend/node_modules/raw-body/index.js:238:16)
    at done (/var/www/gdpr-consent/backend/node_modules/raw-body/index.js:227:7)
    at IncomingMessage.onEnd (/var/www/gdpr-consent/backend/node_modules/raw-body/index.js:287:7)
    at IncomingMessage.emit (node:events:517:28)
    at endReadableNT (node:internal/streams/readable:1400:12)
    at process.processTicksAndRejections (node:internal/process/task_queues:82:21)
SyntaxError: Unexpected token \ in JSON at position 1
    at JSON.parse (<anonymous>)
    at parse (/var/www/gdpr-consent/backend/node_modules/body-parser/lib/types/json.js:92:19)
    at /var/www/gdpr-consent/backend/node_modules/body-parser/lib/read.js:128:18
    at AsyncResource.runInAsyncScope (node:async_hooks:203:9)
    at invokeCallback (/var/www/gdpr-consent/backend/node_modules/raw-body/index.js:238:16)
    at done (/var/www/gdpr-consent/backend/node_modules/raw-body/index.js:227:7)
    at IncomingMessage.onEnd (/var/www/gdpr-consent/backend/node_modules/raw-body/index.js:287:7)
    at IncomingMessage.emit (node:events:517:28)
    at endReadableNT (node:internal/streams/readable:1400:12)
    at process.processTicksAndRejections (node:internal/process/task_queues:82:21)
[/api/consent error] TimeoutError: Timed out after waiting 30000ms
    at /var/www/gdpr-consent/backend/node_modules/puppeteer-core/lib/cjs/puppeteer/common/util.js:249:19
    at /var/www/gdpr-consent/backend/node_modules/puppeteer-core/lib/cjs/third_party/rxjs/rxjs.js:3991:35
    at OperatorSubscriber2._this._next (/var/www/gdpr-consent/backend/node_modules/puppeteer-core/lib/cjs/third_party/rxjs/rxjs.js:1055:13)
    at Subscriber2.next (/var/www/gdpr-consent/backend/node_modules/puppeteer-core/lib/cjs/third_party/rxjs/rxjs.js:678:16)
    at AsyncAction2.<anonymous> (/var/www/gdpr-consent/backend/node_modules/puppeteer-core/lib/cjs/third_party/rxjs/rxjs.js:4868:24)
    at AsyncAction2._execute (/var/www/gdpr-consent/backend/node_modules/puppeteer-core/lib/cjs/third_party/rxjs/rxjs.js:1974:16)
    at AsyncAction2.execute (/var/www/gdpr-consent/backend/node_modules/puppeteer-core/lib/cjs/third_party/rxjs/rxjs.js:1963:26)
    at AsyncScheduler2.flush (/var/www/gdpr-consent/backend/node_modules/puppeteer-core/lib/cjs/third_party/rxjs/rxjs.js:2235:30)
    at listOnTimeout (node:internal/timers:569:17)
    at process.processTimers (node:internal/timers:512:7)
[/api/consent error] TimeoutError: Timed out after waiting 30000ms
    at /var/www/gdpr-consent/backend/node_modules/puppeteer-core/lib/cjs/puppeteer/common/util.js:249:19
    at /var/www/gdpr-consent/backend/node_modules/puppeteer-core/lib/cjs/third_party/rxjs/rxjs.js:3991:35
    at OperatorSubscriber2._this._next (/var/www/gdpr-consent/backend/node_modules/puppeteer-core/lib/cjs/third_party/rxjs/rxjs.js:1055:13)
    at Subscriber2.next (/var/www/gdpr-consent/backend/node_modules/puppeteer-core/lib/cjs/third_party/rxjs/rxjs.js:678:16)
    at AsyncAction2.<anonymous> (/var/www/gdpr-consent/backend/node_modules/puppeteer-core/lib/cjs/third_party/rxjs/rxjs.js:4868:24)
    at AsyncAction2._execute (/var/www/gdpr-consent/backend/node_modules/puppeteer-core/lib/cjs/third_party/rxjs/rxjs.js:1974:16)
    at AsyncAction2.execute (/var/www/gdpr-consent/backend/node_modules/puppeteer-core/lib/cjs/third_party/rxjs/rxjs.js:1963:26)
    at AsyncScheduler2.flush (/var/www/gdpr-consent/backend/node_modules/puppeteer-core/lib/cjs/third_party/rxjs/rxjs.js:2235:30)
    at listOnTimeout (node:internal/timers:569:17)
    at process.processTimers (node:internal/timers:512:7)
[/api/consent error] TimeoutError: Timed out after waiting 30000ms
    at /var/www/gdpr-consent/backend/node_modules/puppeteer-core/lib/cjs/puppeteer/common/util.js:249:19
    at /var/www/gdpr-consent/backend/node_modules/puppeteer-core/lib/cjs/third_party/rxjs/rxjs.js:3991:35
    at OperatorSubscriber2._this._next (/var/www/gdpr-consent/backend/node_modules/puppeteer-core/lib/cjs/third_party/rxjs/rxjs.js:1055:13)
    at Subscriber2.next (/var/www/gdpr-consent/backend/node_modules/puppeteer-core/lib/cjs/third_party/rxjs/rxjs.js:678:16)
    at AsyncAction2.<anonymous> (/var/www/gdpr-consent/backend/node_modules/puppeteer-core/lib/cjs/third_party/rxjs/rxjs.js:4868:24)
    at AsyncAction2._execute (/var/www/gdpr-consent/backend/node_modules/puppeteer-core/lib/cjs/third_party/rxjs/rxjs.js:1974:16)
    at AsyncAction2.execute (/var/www/gdpr-consent/backend/node_modules/puppeteer-core/lib/cjs/third_party/rxjs/rxjs.js:1963:26)
    at AsyncScheduler2.flush (/var/www/gdpr-consent/backend/node_modules/puppeteer-core/lib/cjs/third_party/rxjs/rxjs.js:2235:30)
    at listOnTimeout (node:internal/timers:569:17)
    at process.processTimers (node:internal/timers:512:7)
[/api/consent error] TimeoutError: Timed out after waiting 30000ms
    at /var/www/gdpr-consent/backend/node_modules/puppeteer-core/lib/cjs/puppeteer/common/util.js:249:19
    at /var/www/gdpr-consent/backend/node_modules/puppeteer-core/lib/cjs/third_party/rxjs/rxjs.js:3991:35
    at OperatorSubscriber2._this._next (/var/www/gdpr-consent/backend/node_modules/puppeteer-core/lib/cjs/third_party/rxjs/rxjs.js:1055:13)
    at Subscriber2.next (/var/www/gdpr-consent/backend/node_modules/puppeteer-core/lib/cjs/third_party/rxjs/rxjs.js:678:16)
    at AsyncAction2.<anonymous> (/var/www/gdpr-consent/backend/node_modules/puppeteer-core/lib/cjs/third_party/rxjs/rxjs.js:4868:24)
    at AsyncAction2._execute (/var/www/gdpr-consent/backend/node_modules/puppeteer-core/lib/cjs/third_party/rxjs/rxjs.js:1974:16)
    at AsyncAction2.execute (/var/www/gdpr-consent/backend/node_modules/puppeteer-core/lib/cjs/third_party/rxjs/rxjs.js:1963:26)
    at AsyncScheduler2.flush (/var/www/gdpr-consent/backend/node_modules/puppeteer-core/lib/cjs/third_party/rxjs/rxjs.js:2235:30)
    at listOnTimeout (node:internal/timers:569:17)
    at process.processTimers (node:internal/timers:512:7)
BadRequestError: request aborted
    at IncomingMessage.onAborted (/var/www/gdpr-consent/backend/node_modules/raw-body/index.js:245:10)
    at IncomingMessage.emit (node:events:517:28)
    at IncomingMessage._destroy (node:_http_incoming:224:10)
    at _destroy (node:internal/streams/destroy:109:10)
    at IncomingMessage.destroy (node:internal/streams/destroy:71:5)
    at abortIncoming (node:_http_server:782:9)
    at socketOnClose (node:_http_server:776:3)
    at Socket.emit (node:events:529:35)
    at TCP.<anonymous> (node:net:351:12)
[/api/consent error] TimeoutError: Timed out after 30000 ms while waiting for the WS endpoint URL to appear in stdout!
    at ChromeLauncher.launch (/var/www/gdpr-consent/backend/node_modules/puppeteer-core/lib/cjs/puppeteer/node/BrowserLauncher.js:164:23)
    at runNextTicks (node:internal/process/task_queues:60:5)
    at process.processTimers (node:internal/timers:509:9)
    at async renderAgreementToPNG (/var/www/gdpr-consent/backend/server.js:328:19)
    at async /var/www/gdpr-consent/backend/server.js:672:5
[/api/consent error] Error: connect ETIMEDOUT
    at PromisePool.execute (/var/www/gdpr-consent/backend/node_modules/mysql2/lib/promise/pool.js:54:22)
    at /var/www/gdpr-consent/backend/server.js:636:31
    at Layer.handle [as handle_request] (/var/www/gdpr-consent/backend/node_modules/express/lib/router/layer.js:95:5)
    at next (/var/www/gdpr-consent/backend/node_modules/express/lib/router/route.js:149:13)
    at Route.dispatch (/var/www/gdpr-consent/backend/node_modules/express/lib/router/route.js:119:3)
    at Layer.handle [as handle_request] (/var/www/gdpr-consent/backend/node_modules/express/lib/router/layer.js:95:5)
    at /var/www/gdpr-consent/backend/node_modules/express/lib/router/index.js:284:15
    at Function.process_params (/var/www/gdpr-consent/backend/node_modules/express/lib/router/index.js:346:12)
    at next (/var/www/gdpr-consent/backend/node_modules/express/lib/router/index.js:280:10)
    at serveStatic (/var/www/gdpr-consent/backend/node_modules/serve-static/index.js:75:16)
[/api/consent error] Error: connect ETIMEDOUT
    at PromisePool.execute (/var/www/gdpr-consent/backend/node_modules/mysql2/lib/promise/pool.js:54:22)
    at /var/www/gdpr-consent/backend/server.js:636:31
    at Layer.handle [as handle_request] (/var/www/gdpr-consent/backend/node_modules/express/lib/router/layer.js:95:5)
    at next (/var/www/gdpr-consent/backend/node_modules/express/lib/router/route.js:149:13)
    at Route.dispatch (/var/www/gdpr-consent/backend/node_modules/express/lib/router/route.js:119:3)
    at Layer.handle [as handle_request] (/var/www/gdpr-consent/backend/node_modules/express/lib/router/layer.js:95:5)
    at /var/www/gdpr-consent/backend/node_modules/express/lib/router/index.js:284:15
    at Function.process_params (/var/www/gdpr-consent/backend/node_modules/express/lib/router/index.js:346:12)
    at next (/var/www/gdpr-consent/backend/node_modules/express/lib/router/index.js:280:10)
    at serveStatic (/var/www/gdpr-consent/backend/node_modules/serve-static/index.js:75:16)
[/api/consent error] TimeoutError: Timed out after 30000 ms while waiting for the WS endpoint URL to appear in stdout!
    at ChromeLauncher.launch (/var/www/gdpr-consent/backend/node_modules/puppeteer-core/lib/cjs/puppeteer/node/BrowserLauncher.js:164:23)
    at runNextTicks (node:internal/process/task_queues:60:5)
    at listOnTimeout (node:internal/timers:538:9)
    at process.processTimers (node:internal/timers:512:7)
    at async renderAgreementToPNG (/var/www/gdpr-consent/backend/server.js:328:19)
    at async /var/www/gdpr-consent/backend/server.js:672:5
[/api/consent error] ProtocolError: Page.captureScreenshot timed out. Increase the 'protocolTimeout' setting in launch/connect calls for a higher timeout if needed.
    at <instance_members_initializer> (/var/www/gdpr-consent/backend/node_modules/puppeteer-core/lib/cjs/puppeteer/common/CallbackRegistry.js:102:14)
    at new Callback (/var/www/gdpr-consent/backend/node_modules/puppeteer-core/lib/cjs/puppeteer/common/CallbackRegistry.js:106:16)
    at CallbackRegistry.create (/var/www/gdpr-consent/backend/node_modules/puppeteer-core/lib/cjs/puppeteer/common/CallbackRegistry.js:24:26)
    at Connection._rawSend (/var/www/gdpr-consent/backend/node_modules/puppeteer-core/lib/cjs/puppeteer/cdp/Connection.js:99:26)
    at CdpCDPSession.send (/var/www/gdpr-consent/backend/node_modules/puppeteer-core/lib/cjs/puppeteer/cdp/CdpSession.js:73:33)
    at CdpPage._screenshot (/var/www/gdpr-consent/backend/node_modules/puppeteer-core/lib/cjs/puppeteer/cdp/Page.js:773:62)
    at CdpPage.screenshot (/var/www/gdpr-consent/backend/node_modules/puppeteer-core/lib/cjs/puppeteer/api/Page.js:1075:41)
    at async CdpPage.<anonymous> (/var/www/gdpr-consent/backend/node_modules/puppeteer-core/lib/cjs/puppeteer/util/decorators.js:172:24)
    at async renderAgreementToPNG (/var/www/gdpr-consent/backend/server.js:338:5)
    at async /var/www/gdpr-consent/backend/server.js:672:5
[/api/consent error] ProtocolError: Page.captureScreenshot timed out. Increase the 'protocolTimeout' setting in launch/connect calls for a higher timeout if needed.
    at <instance_members_initializer> (/var/www/gdpr-consent/backend/node_modules/puppeteer-core/lib/cjs/puppeteer/common/CallbackRegistry.js:102:14)
    at new Callback (/var/www/gdpr-consent/backend/node_modules/puppeteer-core/lib/cjs/puppeteer/common/CallbackRegistry.js:106:16)
    at CallbackRegistry.create (/var/www/gdpr-consent/backend/node_modules/puppeteer-core/lib/cjs/puppeteer/common/CallbackRegistry.js:24:26)
    at Connection._rawSend (/var/www/gdpr-consent/backend/node_modules/puppeteer-core/lib/cjs/puppeteer/cdp/Connection.js:99:26)
    at CdpCDPSession.send (/var/www/gdpr-consent/backend/node_modules/puppeteer-core/lib/cjs/puppeteer/cdp/CdpSession.js:73:33)
    at CdpPage._screenshot (/var/www/gdpr-consent/backend/node_modules/puppeteer-core/lib/cjs/puppeteer/cdp/Page.js:773:62)
    at CdpPage.screenshot (/var/www/gdpr-consent/backend/node_modules/puppeteer-core/lib/cjs/puppeteer/api/Page.js:1075:41)
    at runNextTicks (node:internal/process/task_queues:60:5)
    at process.processImmediate (node:internal/timers:447:9)
    at async CdpPage.<anonymous> (/var/www/gdpr-consent/backend/node_modules/puppeteer-core/lib/cjs/puppeteer/util/decorators.js:172:24)
[/api/consent error] TimeoutError: Timed out after 30000 ms while waiting for the WS endpoint URL to appear in stdout!
    at ChromeLauncher.launch (/var/www/gdpr-consent/backend/node_modules/puppeteer-core/lib/cjs/puppeteer/node/BrowserLauncher.js:164:23)
    at runNextTicks (node:internal/process/task_queues:60:5)
    at listOnTimeout (node:internal/timers:538:9)
    at process.processTimers (node:internal/timers:512:7)
    at async renderAgreementToPNG (/var/www/gdpr-consent/backend/server.js:328:19)
    at async /var/www/gdpr-consent/backend/server.js:672:5
[/api/consent error] TimeoutError: Timed out after 30000 ms while waiting for the WS endpoint URL to appear in stdout!
    at ChromeLauncher.launch (/var/www/gdpr-consent/backend/node_modules/puppeteer-core/lib/cjs/puppeteer/node/BrowserLauncher.js:164:23)
    at async renderAgreementToPNG (/var/www/gdpr-consent/backend/server.js:328:19)
    at async /var/www/gdpr-consent/backend/server.js:672:5
[/api/consent error] TimeoutError: Timed out after 30000 ms while waiting for the WS endpoint URL to appear in stdout!
    at ChromeLauncher.launch (/var/www/gdpr-consent/backend/node_modules/puppeteer-core/lib/cjs/puppeteer/node/BrowserLauncher.js:164:23)
    at async renderAgreementToPNG (/var/www/gdpr-consent/backend/server.js:328:19)
    at async /var/www/gdpr-consent/backend/server.js:672:5
[/api/consent error] TimeoutError: Timed out after 30000 ms while waiting for the WS endpoint URL to appear in stdout!
    at ChromeLauncher.launch (/var/www/gdpr-consent/backend/node_modules/puppeteer-core/lib/cjs/puppeteer/node/BrowserLauncher.js:164:23)
    at async renderAgreementToPNG (/var/www/gdpr-consent/backend/server.js:328:19)
    at async /var/www/gdpr-consent/backend/server.js:672:5
[/api/consent error] TimeoutError: Timed out after 30000 ms while waiting for the WS endpoint URL to appear in stdout!
    at ChromeLauncher.launch (/var/www/gdpr-consent/backend/node_modules/puppeteer-core/lib/cjs/puppeteer/node/BrowserLauncher.js:164:23)
    at async renderAgreementToPNG (/var/www/gdpr-consent/backend/server.js:328:19)
    at async /var/www/gdpr-consent/backend/server.js:672:5
[/api/consent error] TimeoutError: Timed out after 30000 ms while waiting for the WS endpoint URL to appear in stdout!
    at ChromeLauncher.launch (/var/www/gdpr-consent/backend/node_modules/puppeteer-core/lib/cjs/puppeteer/node/BrowserLauncher.js:164:23)
    at async renderAgreementToPNG (/var/www/gdpr-consent/backend/server.js:328:19)
    at async /var/www/gdpr-consent/backend/server.js:672:5
[/api/consent error] ProtocolError: Page.captureScreenshot timed out. Increase the 'protocolTimeout' setting in launch/connect calls for a higher timeout if needed.
    at <instance_members_initializer> (/var/www/gdpr-consent/backend/node_modules/puppeteer-core/lib/cjs/puppeteer/common/CallbackRegistry.js:102:14)
    at new Callback (/var/www/gdpr-consent/backend/node_modules/puppeteer-core/lib/cjs/puppeteer/common/CallbackRegistry.js:106:16)
    at CallbackRegistry.create (/var/www/gdpr-consent/backend/node_modules/puppeteer-core/lib/cjs/puppeteer/common/CallbackRegistry.js:24:26)
    at Connection._rawSend (/var/www/gdpr-consent/backend/node_modules/puppeteer-core/lib/cjs/puppeteer/cdp/Connection.js:99:26)
    at CdpCDPSession.send (/var/www/gdpr-consent/backend/node_modules/puppeteer-core/lib/cjs/puppeteer/cdp/CdpSession.js:73:33)
    at CdpPage._screenshot (/var/www/gdpr-consent/backend/node_modules/puppeteer-core/lib/cjs/puppeteer/cdp/Page.js:773:62)
    at CdpPage.screenshot (/var/www/gdpr-consent/backend/node_modules/puppeteer-core/lib/cjs/puppeteer/api/Page.js:1075:41)
    at runNextTicks (node:internal/process/task_queues:60:5)
    at process.processImmediate (node:internal/timers:447:9)
    at async CdpPage.<anonymous> (/var/www/gdpr-consent/backend/node_modules/puppeteer-core/lib/cjs/puppeteer/util/decorators.js:172:24)
[/api/consent error] TimeoutError: Navigation timeout of 30000 ms exceeded
    at new Deferred (/var/www/gdpr-consent/backend/node_modules/puppeteer-core/lib/cjs/puppeteer/util/Deferred.js:60:34)
    at Deferred.create (/var/www/gdpr-consent/backend/node_modules/puppeteer-core/lib/cjs/puppeteer/util/Deferred.js:21:16)
    at new LifecycleWatcher (/var/www/gdpr-consent/backend/node_modules/puppeteer-core/lib/cjs/puppeteer/cdp/LifecycleWatcher.js:73:60)
    at CdpFrame.setContent (/var/www/gdpr-consent/backend/node_modules/puppeteer-core/lib/cjs/puppeteer/cdp/Frame.js:233:29)
    at processTicksAndRejections (node:internal/process/task_queues:95:5)
    at runNextTicks (node:internal/process/task_queues:64:3)
    at process.processImmediate (node:internal/timers:447:9)
    at async CdpPage.setContent (/var/www/gdpr-consent/backend/node_modules/puppeteer-core/lib/cjs/puppeteer/api/Page.js:568:13)
    at async renderAgreementToPNG (/var/www/gdpr-consent/backend/server.js:337:5)
    at async /var/www/gdpr-consent/backend/server.js:672:5
[/api/consent error] TimeoutError: Navigation timeout of 30000 ms exceeded
    at new Deferred (/var/www/gdpr-consent/backend/node_modules/puppeteer-core/lib/cjs/puppeteer/util/Deferred.js:60:34)
    at Deferred.create (/var/www/gdpr-consent/backend/node_modules/puppeteer-core/lib/cjs/puppeteer/util/Deferred.js:21:16)
    at new LifecycleWatcher (/var/www/gdpr-consent/backend/node_modules/puppeteer-core/lib/cjs/puppeteer/cdp/LifecycleWatcher.js:73:60)
    at CdpFrame.setContent (/var/www/gdpr-consent/backend/node_modules/puppeteer-core/lib/cjs/puppeteer/cdp/Frame.js:233:29)
    at processTicksAndRejections (node:internal/process/task_queues:95:5)
    at runNextTicks (node:internal/process/task_queues:64:3)
    at process.processImmediate (node:internal/timers:447:9)
    at async CdpPage.setContent (/var/www/gdpr-consent/backend/node_modules/puppeteer-core/lib/cjs/puppeteer/api/Page.js:568:13)
    at async renderAgreementToPNG (/var/www/gdpr-consent/backend/server.js:337:5)
    at async /var/www/gdpr-consent/backend/server.js:672:5
[/api/consent error] ProtocolError: Page.captureScreenshot timed out. Increase the 'protocolTimeout' setting in launch/connect calls for a higher timeout if needed.
    at <instance_members_initializer> (/var/www/gdpr-consent/backend/node_modules/puppeteer-core/lib/cjs/puppeteer/common/CallbackRegistry.js:102:14)
    at new Callback (/var/www/gdpr-consent/backend/node_modules/puppeteer-core/lib/cjs/puppeteer/common/CallbackRegistry.js:106:16)
    at CallbackRegistry.create (/var/www/gdpr-consent/backend/node_modules/puppeteer-core/lib/cjs/puppeteer/common/CallbackRegistry.js:24:26)
    at Connection._rawSend (/var/www/gdpr-consent/backend/node_modules/puppeteer-core/lib/cjs/puppeteer/cdp/Connection.js:99:26)
    at CdpCDPSession.send (/var/www/gdpr-consent/backend/node_modules/puppeteer-core/lib/cjs/puppeteer/cdp/CdpSession.js:73:33)
    at CdpPage._screenshot (/var/www/gdpr-consent/backend/node_modules/puppeteer-core/lib/cjs/puppeteer/cdp/Page.js:773:62)
    at CdpPage.screenshot (/var/www/gdpr-consent/backend/node_modules/puppeteer-core/lib/cjs/puppeteer/api/Page.js:1075:41)
    at async CdpPage.<anonymous> (/var/www/gdpr-consent/backend/node_modules/puppeteer-core/lib/cjs/puppeteer/util/decorators.js:172:24)
    at async renderAgreementToPNG (/var/www/gdpr-consent/backend/server.js:338:5)
    at async /var/www/gdpr-consent/backend/server.js:672:5
[/api/consent error] TimeoutError: Timed out after 30000 ms while waiting for the WS endpoint URL to appear in stdout!
    at ChromeLauncher.launch (/var/www/gdpr-consent/backend/node_modules/puppeteer-core/lib/cjs/puppeteer/node/BrowserLauncher.js:164:23)
    at runNextTicks (node:internal/process/task_queues:60:5)
    at listOnTimeout (node:internal/timers:538:9)
    at process.processTimers (node:internal/timers:512:7)
    at async renderAgreementToPNG (/var/www/gdpr-consent/backend/server.js:328:19)
    at async /var/www/gdpr-consent/backend/server.js:672:5
[/api/consent error] TimeoutError: Timed out after 30000 ms while waiting for the WS endpoint URL to appear in stdout!
    at ChromeLauncher.launch (/var/www/gdpr-consent/backend/node_modules/puppeteer-core/lib/cjs/puppeteer/node/BrowserLauncher.js:164:23)
    at async renderAgreementToPNG (/var/www/gdpr-consent/backend/server.js:328:19)
    at async /var/www/gdpr-consent/backend/server.js:672:5
[/api/consent error] TimeoutError: Timed out after 30000 ms while waiting for the WS endpoint URL to appear in stdout!
    at ChromeLauncher.launch (/var/www/gdpr-consent/backend/node_modules/puppeteer-core/lib/cjs/puppeteer/node/BrowserLauncher.js:164:23)
    at async renderAgreementToPNG (/var/www/gdpr-consent/backend/server.js:328:19)
    at async /var/www/gdpr-consent/backend/server.js:672:5
[/api/consent error] TimeoutError: Timed out after 30000 ms while waiting for the WS endpoint URL to appear in stdout!
    at ChromeLauncher.launch (/var/www/gdpr-consent/backend/node_modules/puppeteer-core/lib/cjs/puppeteer/node/BrowserLauncher.js:164:23)
    at async renderAgreementToPNG (/var/www/gdpr-consent/backend/server.js:328:19)
    at async /var/www/gdpr-consent/backend/server.js:672:5
[/api/consent error] TimeoutError: Timed out after 30000 ms while waiting for the WS endpoint URL to appear in stdout!
    at ChromeLauncher.launch (/var/www/gdpr-consent/backend/node_modules/puppeteer-core/lib/cjs/puppeteer/node/BrowserLauncher.js:164:23)
    at async renderAgreementToPNG (/var/www/gdpr-consent/backend/server.js:328:19)
    at async /var/www/gdpr-consent/backend/server.js:672:5
[/api/consent error] TimeoutError: Timed out after 30000 ms while waiting for the WS endpoint URL to appear in stdout!
    at ChromeLauncher.launch (/var/www/gdpr-consent/backend/node_modules/puppeteer-core/lib/cjs/puppeteer/node/BrowserLauncher.js:164:23)
    at async renderAgreementToPNG (/var/www/gdpr-consent/backend/server.js:328:19)
    at async /var/www/gdpr-consent/backend/server.js:672:5
[/api/consent error] TimeoutError: Timed out after 30000 ms while waiting for the WS endpoint URL to appear in stdout!
    at ChromeLauncher.launch (/var/www/gdpr-consent/backend/node_modules/puppeteer-core/lib/cjs/puppeteer/node/BrowserLauncher.js:164:23)
    at async renderAgreementToPNG (/var/www/gdpr-consent/backend/server.js:328:19)
    at async /var/www/gdpr-consent/backend/server.js:672:5
[/api/consent error] TimeoutError: Timed out after 30000 ms while waiting for the WS endpoint URL to appear in stdout!
    at ChromeLauncher.launch (/var/www/gdpr-consent/backend/node_modules/puppeteer-core/lib/cjs/puppeteer/node/BrowserLauncher.js:164:23)
    at async renderAgreementToPNG (/var/www/gdpr-consent/backend/server.js:328:19)
    at async /var/www/gdpr-consent/backend/server.js:672:5
BadRequestError: request aborted
    at IncomingMessage.onAborted (/var/www/gdpr-consent/backend/node_modules/raw-body/index.js:245:10)
    at IncomingMessage.emit (node:events:517:28)
    at IncomingMessage._destroy (node:_http_incoming:224:10)
    at _destroy (node:internal/streams/destroy:109:10)
    at IncomingMessage.destroy (node:internal/streams/destroy:71:5)
    at abortIncoming (node:_http_server:782:9)
    at socketOnClose (node:_http_server:776:3)
    at Socket.emit (node:events:529:35)
    at TCP.<anonymous> (node:net:351:12)
[/api/consent error] TimeoutError: Timed out after 30000 ms while waiting for the WS endpoint URL to appear in stdout!
    at ChromeLauncher.launch (/var/www/gdpr-consent/backend/node_modules/puppeteer-core/lib/cjs/puppeteer/node/BrowserLauncher.js:164:23)
    at runNextTicks (node:internal/process/task_queues:60:5)
    at listOnTimeout (node:internal/timers:538:9)
    at process.processTimers (node:internal/timers:512:7)
    at async renderAgreementToPNG (/var/www/gdpr-consent/backend/server.js:328:19)
    at async /var/www/gdpr-consent/backend/server.js:672:5
[/api/consent error] TimeoutError: Timed out after 30000 ms while waiting for the WS endpoint URL to appear in stdout!
    at ChromeLauncher.launch (/var/www/gdpr-consent/backend/node_modules/puppeteer-core/lib/cjs/puppeteer/node/BrowserLauncher.js:164:23)
    at async renderAgreementToPNG (/var/www/gdpr-consent/backend/server.js:328:19)
    at async /var/www/gdpr-consent/backend/server.js:672:5
[/api/consent error] TimeoutError: Timed out after 30000 ms while waiting for the WS endpoint URL to appear in stdout!
    at ChromeLauncher.launch (/var/www/gdpr-consent/backend/node_modules/puppeteer-core/lib/cjs/puppeteer/node/BrowserLauncher.js:164:23)
    at runNextTicks (node:internal/process/task_queues:60:5)
    at listOnTimeout (node:internal/timers:538:9)
    at process.processTimers (node:internal/timers:512:7)
    at async renderAgreementToPNG (/var/www/gdpr-consent/backend/server.js:328:19)
    at async /var/www/gdpr-consent/backend/server.js:672:5
[/api/consent error] TimeoutError: Timed out after 30000 ms while waiting for the WS endpoint URL to appear in stdout!
    at ChromeLauncher.launch (/var/www/gdpr-consent/backend/node_modules/puppeteer-core/lib/cjs/puppeteer/node/BrowserLauncher.js:164:23)
    at async renderAgreementToPNG (/var/www/gdpr-consent/backend/server.js:328:19)
    at async /var/www/gdpr-consent/backend/server.js:672:5
[/api/consent error] TimeoutError: Timed out after 30000 ms while waiting for the WS endpoint URL to appear in stdout!
    at ChromeLauncher.launch (/var/www/gdpr-consent/backend/node_modules/puppeteer-core/lib/cjs/puppeteer/node/BrowserLauncher.js:164:23)
    at async renderAgreementToPNG (/var/www/gdpr-consent/backend/server.js:328:19)
    at async /var/www/gdpr-consent/backend/server.js:672:5
[/api/consent error] TimeoutError: Timed out after 30000 ms while waiting for the WS endpoint URL to appear in stdout!
    at ChromeLauncher.launch (/var/www/gdpr-consent/backend/node_modules/puppeteer-core/lib/cjs/puppeteer/node/BrowserLauncher.js:164:23)
    at runNextTicks (node:internal/process/task_queues:60:5)
    at listOnTimeout (node:internal/timers:538:9)
    at process.processTimers (node:internal/timers:512:7)
    at async renderAgreementToPNG (/var/www/gdpr-consent/backend/server.js:328:19)
    at async /var/www/gdpr-consent/backend/server.js:672:5
[/api/consent error] TimeoutError: Timed out after 30000 ms while waiting for the WS endpoint URL to appear in stdout!
    at ChromeLauncher.launch (/var/www/gdpr-consent/backend/node_modules/puppeteer-core/lib/cjs/puppeteer/node/BrowserLauncher.js:164:23)
    at runNextTicks (node:internal/process/task_queues:60:5)
    at listOnTimeout (node:internal/timers:538:9)
    at process.processTimers (node:internal/timers:512:7)
    at async renderAgreementToPNG (/var/www/gdpr-consent/backend/server.js:328:19)
    at async /var/www/gdpr-consent/backend/server.js:672:5
[/api/consent error] TimeoutError: Timed out after 30000 ms while waiting for the WS endpoint URL to appear in stdout!
    at ChromeLauncher.launch (/var/www/gdpr-consent/backend/node_modules/puppeteer-core/lib/cjs/puppeteer/node/BrowserLauncher.js:164:23)
    at runNextTicks (node:internal/process/task_queues:60:5)
    at process.processTimers (node:internal/timers:509:9)
    at async renderAgreementToPNG (/var/www/gdpr-consent/backend/server.js:328:19)
    at async /var/www/gdpr-consent/backend/server.js:672:5
[/api/consent error] ProtocolError: Emulation.setDeviceMetricsOverride timed out. Increase the 'protocolTimeout' setting in launch/connect calls for a higher timeout if needed.
    at <instance_members_initializer> (/var/www/gdpr-consent/backend/node_modules/puppeteer-core/lib/cjs/puppeteer/common/CallbackRegistry.js:102:14)
    at new Callback (/var/www/gdpr-consent/backend/node_modules/puppeteer-core/lib/cjs/puppeteer/common/CallbackRegistry.js:106:16)
    at CallbackRegistry.create (/var/www/gdpr-consent/backend/node_modules/puppeteer-core/lib/cjs/puppeteer/common/CallbackRegistry.js:24:26)
    at Connection._rawSend (/var/www/gdpr-consent/backend/node_modules/puppeteer-core/lib/cjs/puppeteer/cdp/Connection.js:99:26)
    at CdpCDPSession.send (/var/www/gdpr-consent/backend/node_modules/puppeteer-core/lib/cjs/puppeteer/cdp/CdpSession.js:73:33)
    at #applyViewport (/var/www/gdpr-consent/backend/node_modules/puppeteer-core/lib/cjs/puppeteer/cdp/EmulationManager.js:133:30)
    at EmulatedState.<anonymous> (/var/www/gdpr-consent/backend/node_modules/puppeteer-core/lib/cjs/puppeteer/util/decorators.js:154:23)
    at /var/www/gdpr-consent/backend/node_modules/puppeteer-core/lib/cjs/puppeteer/cdp/EmulationManager.js:69:33
    at Array.map (<anonymous>)
    at EmulatedState.sync (/var/www/gdpr-consent/backend/node_modules/puppeteer-core/lib/cjs/puppeteer/cdp/EmulationManager.js:68:58)
[/api/consent error] ProtocolError: Emulation.setDeviceMetricsOverride timed out. Increase the 'protocolTimeout' setting in launch/connect calls for a higher timeout if needed.
    at <instance_members_initializer> (/var/www/gdpr-consent/backend/node_modules/puppeteer-core/lib/cjs/puppeteer/common/CallbackRegistry.js:102:14)
    at new Callback (/var/www/gdpr-consent/backend/node_modules/puppeteer-core/lib/cjs/puppeteer/common/CallbackRegistry.js:106:16)
    at CallbackRegistry.create (/var/www/gdpr-consent/backend/node_modules/puppeteer-core/lib/cjs/puppeteer/common/CallbackRegistry.js:24:26)
    at Connection._rawSend (/var/www/gdpr-consent/backend/node_modules/puppeteer-core/lib/cjs/puppeteer/cdp/Connection.js:99:26)
    at CdpCDPSession.send (/var/www/gdpr-consent/backend/node_modules/puppeteer-core/lib/cjs/puppeteer/cdp/CdpSession.js:73:33)
    at #applyViewport (/var/www/gdpr-consent/backend/node_modules/puppeteer-core/lib/cjs/puppeteer/cdp/EmulationManager.js:133:30)
    at EmulatedState.<anonymous> (/var/www/gdpr-consent/backend/node_modules/puppeteer-core/lib/cjs/puppeteer/util/decorators.js:154:23)
    at /var/www/gdpr-consent/backend/node_modules/puppeteer-core/lib/cjs/puppeteer/cdp/EmulationManager.js:69:33
    at Array.map (<anonymous>)
    at EmulatedState.sync (/var/www/gdpr-consent/backend/node_modules/puppeteer-core/lib/cjs/puppeteer/cdp/EmulationManager.js:68:58)
[/api/consent error] ProtocolError: Emulation.setDeviceMetricsOverride timed out. Increase the 'protocolTimeout' setting in launch/connect calls for a higher timeout if needed.
    at <instance_members_initializer> (/var/www/gdpr-consent/backend/node_modules/puppeteer-core/lib/cjs/puppeteer/common/CallbackRegistry.js:102:14)
    at new Callback (/var/www/gdpr-consent/backend/node_modules/puppeteer-core/lib/cjs/puppeteer/common/CallbackRegistry.js:106:16)
    at CallbackRegistry.create (/var/www/gdpr-consent/backend/node_modules/puppeteer-core/lib/cjs/puppeteer/common/CallbackRegistry.js:24:26)
    at Connection._rawSend (/var/www/gdpr-consent/backend/node_modules/puppeteer-core/lib/cjs/puppeteer/cdp/Connection.js:99:26)
    at CdpCDPSession.send (/var/www/gdpr-consent/backend/node_modules/puppeteer-core/lib/cjs/puppeteer/cdp/CdpSession.js:73:33)
    at #applyViewport (/var/www/gdpr-consent/backend/node_modules/puppeteer-core/lib/cjs/puppeteer/cdp/EmulationManager.js:133:30)
    at EmulatedState.<anonymous> (/var/www/gdpr-consent/backend/node_modules/puppeteer-core/lib/cjs/puppeteer/util/decorators.js:154:23)
    at /var/www/gdpr-consent/backend/node_modules/puppeteer-core/lib/cjs/puppeteer/cdp/EmulationManager.js:69:33
    at Array.map (<anonymous>)
    at EmulatedState.sync (/var/www/gdpr-consent/backend/node_modules/puppeteer-core/lib/cjs/puppeteer/cdp/EmulationManager.js:68:58)
[/api/consent error] ProtocolError: Emulation.setDeviceMetricsOverride timed out. Increase the 'protocolTimeout' setting in launch/connect calls for a higher timeout if needed.
    at <instance_members_initializer> (/var/www/gdpr-consent/backend/node_modules/puppeteer-core/lib/cjs/puppeteer/common/CallbackRegistry.js:102:14)
    at new Callback (/var/www/gdpr-consent/backend/node_modules/puppeteer-core/lib/cjs/puppeteer/common/CallbackRegistry.js:106:16)
    at CallbackRegistry.create (/var/www/gdpr-consent/backend/node_modules/puppeteer-core/lib/cjs/puppeteer/common/CallbackRegistry.js:24:26)
    at Connection._rawSend (/var/www/gdpr-consent/backend/node_modules/puppeteer-core/lib/cjs/puppeteer/cdp/Connection.js:99:26)
    at CdpCDPSession.send (/var/www/gdpr-consent/backend/node_modules/puppeteer-core/lib/cjs/puppeteer/cdp/CdpSession.js:73:33)
    at #applyViewport (/var/www/gdpr-consent/backend/node_modules/puppeteer-core/lib/cjs/puppeteer/cdp/EmulationManager.js:133:30)
    at EmulatedState.<anonymous> (/var/www/gdpr-consent/backend/node_modules/puppeteer-core/lib/cjs/puppeteer/util/decorators.js:154:23)
    at /var/www/gdpr-consent/backend/node_modules/puppeteer-core/lib/cjs/puppeteer/cdp/EmulationManager.js:69:33
    at Array.map (<anonymous>)
    at EmulatedState.sync (/var/www/gdpr-consent/backend/node_modules/puppeteer-core/lib/cjs/puppeteer/cdp/EmulationManager.js:68:58)
[/api/consent error] TimeoutError: Timed out after 30000 ms while waiting for the WS endpoint URL to appear in stdout!
    at ChromeLauncher.launch (/var/www/gdpr-consent/backend/node_modules/puppeteer-core/lib/cjs/puppeteer/node/BrowserLauncher.js:164:23)
    at async renderAgreementToPNG (/var/www/gdpr-consent/backend/server.js:328:19)
    at async /var/www/gdpr-consent/backend/server.js:672:5
[/api/consent error] TimeoutError: Timed out after 30000 ms while waiting for the WS endpoint URL to appear in stdout!
    at ChromeLauncher.launch (/var/www/gdpr-consent/backend/node_modules/puppeteer-core/lib/cjs/puppeteer/node/BrowserLauncher.js:164:23)
    at runNextTicks (node:internal/process/task_queues:60:5)
    at listOnTimeout (node:internal/timers:538:9)
    at process.processTimers (node:internal/timers:512:7)
    at async renderAgreementToPNG (/var/www/gdpr-consent/backend/server.js:328:19)
    at async /var/www/gdpr-consent/backend/server.js:672:5
[/api/consent error] TimeoutError: Timed out after 30000 ms while waiting for the WS endpoint URL to appear in stdout!
    at ChromeLauncher.launch (/var/www/gdpr-consent/backend/node_modules/puppeteer-core/lib/cjs/puppeteer/node/BrowserLauncher.js:164:23)
    at async renderAgreementToPNG (/var/www/gdpr-consent/backend/server.js:328:19)
    at async /var/www/gdpr-consent/backend/server.js:672:5
[/api/consent error] TimeoutError: Timed out after 30000 ms while waiting for the WS endpoint URL to appear in stdout!
    at ChromeLauncher.launch (/var/www/gdpr-consent/backend/node_modules/puppeteer-core/lib/cjs/puppeteer/node/BrowserLauncher.js:164:23)
    at async renderAgreementToPNG (/var/www/gdpr-consent/backend/server.js:328:19)
    at async /var/www/gdpr-consent/backend/server.js:672:5
[/api/consent error] TimeoutError: Timed out after 30000 ms while waiting for the WS endpoint URL to appear in stdout!
    at ChromeLauncher.launch (/var/www/gdpr-consent/backend/node_modules/puppeteer-core/lib/cjs/puppeteer/node/BrowserLauncher.js:164:23)
    at async renderAgreementToPNG (/var/www/gdpr-consent/backend/server.js:328:19)
    at async /var/www/gdpr-consent/backend/server.js:672:5
[/api/consent error] TimeoutError: Timed out after 30000 ms while waiting for the WS endpoint URL to appear in stdout!
    at ChromeLauncher.launch (/var/www/gdpr-consent/backend/node_modules/puppeteer-core/lib/cjs/puppeteer/node/BrowserLauncher.js:164:23)
    at runNextTicks (node:internal/process/task_queues:60:5)
    at listOnTimeout (node:internal/timers:538:9)
    at process.processTimers (node:internal/timers:512:7)
    at async renderAgreementToPNG (/var/www/gdpr-consent/backend/server.js:328:19)
    at async /var/www/gdpr-consent/backend/server.js:672:5
[/api/consent error] TimeoutError: Timed out after 30000 ms while waiting for the WS endpoint URL to appear in stdout!
    at ChromeLauncher.launch (/var/www/gdpr-consent/backend/node_modules/puppeteer-core/lib/cjs/puppeteer/node/BrowserLauncher.js:164:23)
    at runNextTicks (node:internal/process/task_queues:60:5)
    at process.processTimers (node:internal/timers:509:9)
    at async renderAgreementToPNG (/var/www/gdpr-consent/backend/server.js:328:19)
    at async /var/www/gdpr-consent/backend/server.js:672:5
[/api/consent error] ProtocolError: Page.captureScreenshot timed out. Increase the 'protocolTimeout' setting in launch/connect calls for a higher timeout if needed.
    at <instance_members_initializer> (/var/www/gdpr-consent/backend/node_modules/puppeteer-core/lib/cjs/puppeteer/common/CallbackRegistry.js:102:14)
    at new Callback (/var/www/gdpr-consent/backend/node_modules/puppeteer-core/lib/cjs/puppeteer/common/CallbackRegistry.js:106:16)
    at CallbackRegistry.create (/var/www/gdpr-consent/backend/node_modules/puppeteer-core/lib/cjs/puppeteer/common/CallbackRegistry.js:24:26)
    at Connection._rawSend (/var/www/gdpr-consent/backend/node_modules/puppeteer-core/lib/cjs/puppeteer/cdp/Connection.js:99:26)
    at CdpCDPSession.send (/var/www/gdpr-consent/backend/node_modules/puppeteer-core/lib/cjs/puppeteer/cdp/CdpSession.js:73:33)
    at CdpPage._screenshot (/var/www/gdpr-consent/backend/node_modules/puppeteer-core/lib/cjs/puppeteer/cdp/Page.js:773:62)
    at CdpPage.screenshot (/var/www/gdpr-consent/backend/node_modules/puppeteer-core/lib/cjs/puppeteer/api/Page.js:1075:41)
    at async CdpPage.<anonymous> (/var/www/gdpr-consent/backend/node_modules/puppeteer-core/lib/cjs/puppeteer/util/decorators.js:172:24)
    at async renderAgreementToPNG (/var/www/gdpr-consent/backend/server.js:338:5)
    at async /var/www/gdpr-consent/backend/server.js:672:5
[/api/consent error] ProtocolError: Page.captureScreenshot timed out. Increase the 'protocolTimeout' setting in launch/connect calls for a higher timeout if needed.
    at <instance_members_initializer> (/var/www/gdpr-consent/backend/node_modules/puppeteer-core/lib/cjs/puppeteer/common/CallbackRegistry.js:102:14)
    at new Callback (/var/www/gdpr-consent/backend/node_modules/puppeteer-core/lib/cjs/puppeteer/common/CallbackRegistry.js:106:16)
    at CallbackRegistry.create (/var/www/gdpr-consent/backend/node_modules/puppeteer-core/lib/cjs/puppeteer/common/CallbackRegistry.js:24:26)
    at Connection._rawSend (/var/www/gdpr-consent/backend/node_modules/puppeteer-core/lib/cjs/puppeteer/cdp/Connection.js:99:26)
    at CdpCDPSession.send (/var/www/gdpr-consent/backend/node_modules/puppeteer-core/lib/cjs/puppeteer/cdp/CdpSession.js:73:33)
    at CdpPage._screenshot (/var/www/gdpr-consent/backend/node_modules/puppeteer-core/lib/cjs/puppeteer/cdp/Page.js:773:62)
    at CdpPage.screenshot (/var/www/gdpr-consent/backend/node_modules/puppeteer-core/lib/cjs/puppeteer/api/Page.js:1075:41)
    at runNextTicks (node:internal/process/task_queues:60:5)
    at process.processImmediate (node:internal/timers:447:9)
    at async CdpPage.<anonymous> (/var/www/gdpr-consent/backend/node_modules/puppeteer-core/lib/cjs/puppeteer/util/decorators.js:172:24)
[/api/consent error] TimeoutError: Timed out after 30000 ms while waiting for the WS endpoint URL to appear in stdout!
    at ChromeLauncher.launch (/var/www/gdpr-consent/backend/node_modules/puppeteer-core/lib/cjs/puppeteer/node/BrowserLauncher.js:164:23)
    at async renderAgreementToPNG (/var/www/gdpr-consent/backend/server.js:328:19)
    at async /var/www/gdpr-consent/backend/server.js:672:5
[/api/consent error] TimeoutError: Timed out after 30000 ms while waiting for the WS endpoint URL to appear in stdout!
    at ChromeLauncher.launch (/var/www/gdpr-consent/backend/node_modules/puppeteer-core/lib/cjs/puppeteer/node/BrowserLauncher.js:164:23)
    at runNextTicks (node:internal/process/task_queues:60:5)
    at process.processTimers (node:internal/timers:509:9)
    at async renderAgreementToPNG (/var/www/gdpr-consent/backend/server.js:328:19)
    at async /var/www/gdpr-consent/backend/server.js:672:5
[/api/consent error] TimeoutError: Timed out after 30000 ms while waiting for the WS endpoint URL to appear in stdout!
    at ChromeLauncher.launch (/var/www/gdpr-consent/backend/node_modules/puppeteer-core/lib/cjs/puppeteer/node/BrowserLauncher.js:164:23)
    at runNextTicks (node:internal/process/task_queues:60:5)
    at listOnTimeout (node:internal/timers:538:9)
    at process.processTimers (node:internal/timers:512:7)
    at async renderAgreementToPNG (/var/www/gdpr-consent/backend/server.js:328:19)
    at async /var/www/gdpr-consent/backend/server.js:672:5
[/api/consent error] TimeoutError: Timed out after 30000 ms while waiting for the WS endpoint URL to appear in stdout!
    at ChromeLauncher.launch (/var/www/gdpr-consent/backend/node_modules/puppeteer-core/lib/cjs/puppeteer/node/BrowserLauncher.js:164:23)
    at runNextTicks (node:internal/process/task_queues:60:5)
    at listOnTimeout (node:internal/timers:538:9)
    at process.processTimers (node:internal/timers:512:7)
    at async renderAgreementToPNG (/var/www/gdpr-consent/backend/server.js:328:19)
    at async /var/www/gdpr-consent/backend/server.js:672:5
[/api/consent error] TimeoutError: Timed out after 30000 ms while waiting for the WS endpoint URL to appear in stdout!
    at ChromeLauncher.launch (/var/www/gdpr-consent/backend/node_modules/puppeteer-core/lib/cjs/puppeteer/node/BrowserLauncher.js:164:23)
    at async renderAgreementToPNG (/var/www/gdpr-consent/backend/server.js:328:19)
    at async /var/www/gdpr-consent/backend/server.js:672:5
[/api/consent error] TimeoutError: Timed out after 30000 ms while waiting for the WS endpoint URL to appear in stdout!
    at ChromeLauncher.launch (/var/www/gdpr-consent/backend/node_modules/puppeteer-core/lib/cjs/puppeteer/node/BrowserLauncher.js:164:23)
    at runNextTicks (node:internal/process/task_queues:60:5)
    at listOnTimeout (node:internal/timers:538:9)
    at process.processTimers (node:internal/timers:512:7)
    at async renderAgreementToPNG (/var/www/gdpr-consent/backend/server.js:328:19)
    at async /var/www/gdpr-consent/backend/server.js:672:5
[/api/consent error] ProtocolError: Target.setDiscoverTargets timed out. Increase the 'protocolTimeout' setting in launch/connect calls for a higher timeout if needed.
    at <instance_members_initializer> (/var/www/gdpr-consent/backend/node_modules/puppeteer-core/lib/cjs/puppeteer/common/CallbackRegistry.js:102:14)
    at new Callback (/var/www/gdpr-consent/backend/node_modules/puppeteer-core/lib/cjs/puppeteer/common/CallbackRegistry.js:106:16)
    at CallbackRegistry.create (/var/www/gdpr-consent/backend/node_modules/puppeteer-core/lib/cjs/puppeteer/common/CallbackRegistry.js:24:26)
    at Connection._rawSend (/var/www/gdpr-consent/backend/node_modules/puppeteer-core/lib/cjs/puppeteer/cdp/Connection.js:99:26)
    at Connection.send (/var/www/gdpr-consent/backend/node_modules/puppeteer-core/lib/cjs/puppeteer/cdp/Connection.js:90:21)
    at TargetManager.initialize (/var/www/gdpr-consent/backend/node_modules/puppeteer-core/lib/cjs/puppeteer/cdp/TargetManager.js:97:32)
    at CdpBrowser._attach (/var/www/gdpr-consent/backend/node_modules/puppeteer-core/lib/cjs/puppeteer/cdp/Browser.js:70:35)
    at CdpBrowser._create (/var/www/gdpr-consent/backend/node_modules/puppeteer-core/lib/cjs/puppeteer/cdp/Browser.js:26:23)
    at ChromeLauncher.launch (/var/www/gdpr-consent/backend/node_modules/puppeteer-core/lib/cjs/puppeteer/node/BrowserLauncher.js:157:61)
    at process.processTicksAndRejections (node:internal/process/task_queues:95:5)
[/api/consent error] ProtocolError: Target.setDiscoverTargets timed out. Increase the 'protocolTimeout' setting in launch/connect calls for a higher timeout if needed.
    at <instance_members_initializer> (/var/www/gdpr-consent/backend/node_modules/puppeteer-core/lib/cjs/puppeteer/common/CallbackRegistry.js:102:14)
    at new Callback (/var/www/gdpr-consent/backend/node_modules/puppeteer-core/lib/cjs/puppeteer/common/CallbackRegistry.js:106:16)
    at CallbackRegistry.create (/var/www/gdpr-consent/backend/node_modules/puppeteer-core/lib/cjs/puppeteer/common/CallbackRegistry.js:24:26)
    at Connection._rawSend (/var/www/gdpr-consent/backend/node_modules/puppeteer-core/lib/cjs/puppeteer/cdp/Connection.js:99:26)
    at Connection.send (/var/www/gdpr-consent/backend/node_modules/puppeteer-core/lib/cjs/puppeteer/cdp/Connection.js:90:21)
    at TargetManager.initialize (/var/www/gdpr-consent/backend/node_modules/puppeteer-core/lib/cjs/puppeteer/cdp/TargetManager.js:97:32)
    at CdpBrowser._attach (/var/www/gdpr-consent/backend/node_modules/puppeteer-core/lib/cjs/puppeteer/cdp/Browser.js:70:35)
    at CdpBrowser._create (/var/www/gdpr-consent/backend/node_modules/puppeteer-core/lib/cjs/puppeteer/cdp/Browser.js:26:23)
    at ChromeLauncher.launch (/var/www/gdpr-consent/backend/node_modules/puppeteer-core/lib/cjs/puppeteer/node/BrowserLauncher.js:157:61)
    at process.processTicksAndRejections (node:internal/process/task_queues:95:5)
Error: connect ECONNREFUSED 115.29.41.53:3306
    at PromisePool.execute (/var/www/gdpr-consent/backend/node_modules/mysql2/lib/promise/pool.js:54:22)
    at /var/www/gdpr-consent/backend/server.js:402:31
    at Layer.handle [as handle_request] (/var/www/gdpr-consent/backend/node_modules/express/lib/router/layer.js:95:5)
    at next (/var/www/gdpr-consent/backend/node_modules/express/lib/router/route.js:149:13)
    at Route.dispatch (/var/www/gdpr-consent/backend/node_modules/express/lib/router/route.js:119:3)
    at Layer.handle [as handle_request] (/var/www/gdpr-consent/backend/node_modules/express/lib/router/layer.js:95:5)
    at /var/www/gdpr-consent/backend/node_modules/express/lib/router/index.js:284:15
    at Function.process_params (/var/www/gdpr-consent/backend/node_modules/express/lib/router/index.js:346:12)
    at next (/var/www/gdpr-consent/backend/node_modules/express/lib/router/index.js:280:10)
    at SendStream.error (/var/www/gdpr-consent/backend/node_modules/serve-static/index.js:121:7) {
  code: 'ECONNREFUSED',
  errno: -111,
  sql: undefined,
  sqlState: undefined,
  sqlMessage: undefined
}
Error: connect ECONNREFUSED 115.29.41.53:3306
    at PromisePool.execute (/var/www/gdpr-consent/backend/node_modules/mysql2/lib/promise/pool.js:54:22)
    at /var/www/gdpr-consent/backend/server.js:402:31
    at Layer.handle [as handle_request] (/var/www/gdpr-consent/backend/node_modules/express/lib/router/layer.js:95:5)
    at next (/var/www/gdpr-consent/backend/node_modules/express/lib/router/route.js:149:13)
    at Route.dispatch (/var/www/gdpr-consent/backend/node_modules/express/lib/router/route.js:119:3)
    at Layer.handle [as handle_request] (/var/www/gdpr-consent/backend/node_modules/express/lib/router/layer.js:95:5)
    at /var/www/gdpr-consent/backend/node_modules/express/lib/router/index.js:284:15
    at Function.process_params (/var/www/gdpr-consent/backend/node_modules/express/lib/router/index.js:346:12)
    at next (/var/www/gdpr-consent/backend/node_modules/express/lib/router/index.js:280:10)
    at SendStream.error (/var/www/gdpr-consent/backend/node_modules/serve-static/index.js:121:7) {
  code: 'ECONNREFUSED',
  errno: -111,
  sql: undefined,
  sqlState: undefined,
  sqlMessage: undefined
}
Error: connect ECONNREFUSED 115.29.41.53:3306
    at PromisePool.execute (/var/www/gdpr-consent/backend/node_modules/mysql2/lib/promise/pool.js:54:22)
    at /var/www/gdpr-consent/backend/server.js:402:31
    at Layer.handle [as handle_request] (/var/www/gdpr-consent/backend/node_modules/express/lib/router/layer.js:95:5)
    at next (/var/www/gdpr-consent/backend/node_modules/express/lib/router/route.js:149:13)
    at Route.dispatch (/var/www/gdpr-consent/backend/node_modules/express/lib/router/route.js:119:3)
    at Layer.handle [as handle_request] (/var/www/gdpr-consent/backend/node_modules/express/lib/router/layer.js:95:5)
    at /var/www/gdpr-consent/backend/node_modules/express/lib/router/index.js:284:15
    at Function.process_params (/var/www/gdpr-consent/backend/node_modules/express/lib/router/index.js:346:12)
    at next (/var/www/gdpr-consent/backend/node_modules/express/lib/router/index.js:280:10)
    at SendStream.error (/var/www/gdpr-consent/backend/node_modules/serve-static/index.js:121:7) {
  code: 'ECONNREFUSED',
  errno: -111,
  sql: undefined,
  sqlState: undefined,
  sqlMessage: undefined
}
Error: connect ECONNREFUSED 115.29.41.53:3306
    at PromisePool.execute (/var/www/gdpr-consent/backend/node_modules/mysql2/lib/promise/pool.js:54:22)
    at /var/www/gdpr-consent/backend/server.js:402:31
    at Layer.handle [as handle_request] (/var/www/gdpr-consent/backend/node_modules/express/lib/router/layer.js:95:5)
    at next (/var/www/gdpr-consent/backend/node_modules/express/lib/router/route.js:149:13)
    at Route.dispatch (/var/www/gdpr-consent/backend/node_modules/express/lib/router/route.js:119:3)
    at Layer.handle [as handle_request] (/var/www/gdpr-consent/backend/node_modules/express/lib/router/layer.js:95:5)
    at /var/www/gdpr-consent/backend/node_modules/express/lib/router/index.js:284:15
    at Function.process_params (/var/www/gdpr-consent/backend/node_modules/express/lib/router/index.js:346:12)
    at next (/var/www/gdpr-consent/backend/node_modules/express/lib/router/index.js:280:10)
    at SendStream.error (/var/www/gdpr-consent/backend/node_modules/serve-static/index.js:121:7) {
  code: 'ECONNREFUSED',
  errno: -111,
  sql: undefined,
  sqlState: undefined,
  sqlMessage: undefined
}
Error: connect ECONNREFUSED 115.29.41.53:3306
    at PromisePool.execute (/var/www/gdpr-consent/backend/node_modules/mysql2/lib/promise/pool.js:54:22)
    at /var/www/gdpr-consent/backend/server.js:402:31
    at Layer.handle [as handle_request] (/var/www/gdpr-consent/backend/node_modules/express/lib/router/layer.js:95:5)
    at next (/var/www/gdpr-consent/backend/node_modules/express/lib/router/route.js:149:13)
    at Route.dispatch (/var/www/gdpr-consent/backend/node_modules/express/lib/router/route.js:119:3)
    at Layer.handle [as handle_request] (/var/www/gdpr-consent/backend/node_modules/express/lib/router/layer.js:95:5)
    at /var/www/gdpr-consent/backend/node_modules/express/lib/router/index.js:284:15
    at Function.process_params (/var/www/gdpr-consent/backend/node_modules/express/lib/router/index.js:346:12)
    at next (/var/www/gdpr-consent/backend/node_modules/express/lib/router/index.js:280:10)
    at SendStream.error (/var/www/gdpr-consent/backend/node_modules/serve-static/index.js:121:7) {
  code: 'ECONNREFUSED',
  errno: -111,
  sql: undefined,
  sqlState: undefined,
  sqlMessage: undefined
}
Error: connect ECONNREFUSED 115.29.41.53:3306
    at PromisePool.execute (/var/www/gdpr-consent/backend/node_modules/mysql2/lib/promise/pool.js:54:22)
    at /var/www/gdpr-consent/backend/server.js:402:31
    at Layer.handle [as handle_request] (/var/www/gdpr-consent/backend/node_modules/express/lib/router/layer.js:95:5)
    at next (/var/www/gdpr-consent/backend/node_modules/express/lib/router/route.js:149:13)
    at Route.dispatch (/var/www/gdpr-consent/backend/node_modules/express/lib/router/route.js:119:3)
    at Layer.handle [as handle_request] (/var/www/gdpr-consent/backend/node_modules/express/lib/router/layer.js:95:5)
    at /var/www/gdpr-consent/backend/node_modules/express/lib/router/index.js:284:15
    at Function.process_params (/var/www/gdpr-consent/backend/node_modules/express/lib/router/index.js:346:12)
    at next (/var/www/gdpr-consent/backend/node_modules/express/lib/router/index.js:280:10)
    at SendStream.error (/var/www/gdpr-consent/backend/node_modules/serve-static/index.js:121:7) {
  code: 'ECONNREFUSED',
  errno: -111,
  sql: undefined,
  sqlState: undefined,
  sqlMessage: undefined
}
SyntaxError: Unexpected token } in JSON at position 11
    at JSON.parse (<anonymous>)
    at parse (/var/www/gdpr-consent/backend/node_modules/body-parser/lib/types/json.js:92:19)
    at /var/www/gdpr-consent/backend/node_modules/body-parser/lib/read.js:128:18
    at AsyncResource.runInAsyncScope (node:async_hooks:203:9)
    at invokeCallback (/var/www/gdpr-consent/backend/node_modules/raw-body/index.js:238:16)
    at done (/var/www/gdpr-consent/backend/node_modules/raw-body/index.js:227:7)
    at IncomingMessage.onEnd (/var/www/gdpr-consent/backend/node_modules/raw-body/index.js:287:7)
    at IncomingMessage.emit (node:events:517:28)
    at endReadableNT (node:internal/streams/readable:1400:12)
    at process.processTicksAndRejections (node:internal/process/task_queues:82:21)
SyntaxError: Unexpected token } in JSON at position 11
    at JSON.parse (<anonymous>)
    at parse (/var/www/gdpr-consent/backend/node_modules/body-parser/lib/types/json.js:92:19)
    at /var/www/gdpr-consent/backend/node_modules/body-parser/lib/read.js:128:18
    at AsyncResource.runInAsyncScope (node:async_hooks:203:9)
    at invokeCallback (/var/www/gdpr-consent/backend/node_modules/raw-body/index.js:238:16)
    at done (/var/www/gdpr-consent/backend/node_modules/raw-body/index.js:227:7)
    at IncomingMessage.onEnd (/var/www/gdpr-consent/backend/node_modules/raw-body/index.js:287:7)
    at IncomingMessage.emit (node:events:517:28)
    at endReadableNT (node:internal/streams/readable:1400:12)
    at process.processTicksAndRejections (node:internal/process/task_queues:82:21)
SyntaxError: Unexpected token } in JSON at position 11
    at JSON.parse (<anonymous>)
    at parse (/var/www/gdpr-consent/backend/node_modules/body-parser/lib/types/json.js:92:19)
    at /var/www/gdpr-consent/backend/node_modules/body-parser/lib/read.js:128:18
    at AsyncResource.runInAsyncScope (node:async_hooks:203:9)
    at invokeCallback (/var/www/gdpr-consent/backend/node_modules/raw-body/index.js:238:16)
    at done (/var/www/gdpr-consent/backend/node_modules/raw-body/index.js:227:7)
    at IncomingMessage.onEnd (/var/www/gdpr-consent/backend/node_modules/raw-body/index.js:287:7)
    at IncomingMessage.emit (node:events:517:28)
    at endReadableNT (node:internal/streams/readable:1400:12)
    at process.processTicksAndRejections (node:internal/process/task_queues:82:21)
SyntaxError: Unexpected token } in JSON at position 11
    at JSON.parse (<anonymous>)
    at parse (/var/www/gdpr-consent/backend/node_modules/body-parser/lib/types/json.js:92:19)
    at /var/www/gdpr-consent/backend/node_modules/body-parser/lib/read.js:128:18
    at AsyncResource.runInAsyncScope (node:async_hooks:203:9)
    at invokeCallback (/var/www/gdpr-consent/backend/node_modules/raw-body/index.js:238:16)
    at done (/var/www/gdpr-consent/backend/node_modules/raw-body/index.js:227:7)
    at IncomingMessage.onEnd (/var/www/gdpr-consent/backend/node_modules/raw-body/index.js:287:7)
    at IncomingMessage.emit (node:events:517:28)
    at endReadableNT (node:internal/streams/readable:1400:12)
    at process.processTicksAndRejections (node:internal/process/task_queues:82:21)
SyntaxError: Unexpected token } in JSON at position 11
    at JSON.parse (<anonymous>)
    at parse (/var/www/gdpr-consent/backend/node_modules/body-parser/lib/types/json.js:92:19)
    at /var/www/gdpr-consent/backend/node_modules/body-parser/lib/read.js:128:18
    at AsyncResource.runInAsyncScope (node:async_hooks:203:9)
    at invokeCallback (/var/www/gdpr-consent/backend/node_modules/raw-body/index.js:238:16)
    at done (/var/www/gdpr-consent/backend/node_modules/raw-body/index.js:227:7)
    at IncomingMessage.onEnd (/var/www/gdpr-consent/backend/node_modules/raw-body/index.js:287:7)
    at IncomingMessage.emit (node:events:517:28)
    at endReadableNT (node:internal/streams/readable:1400:12)
    at process.processTicksAndRejections (node:internal/process/task_queues:82:21)
[/api/consent error] ProtocolError: Page.captureScreenshot timed out. Increase the 'protocolTimeout' setting in launch/connect calls for a higher timeout if needed.
    at <instance_members_initializer> (/var/www/gdpr-consent/backend/node_modules/puppeteer-core/lib/cjs/puppeteer/common/CallbackRegistry.js:102:14)
    at new Callback (/var/www/gdpr-consent/backend/node_modules/puppeteer-core/lib/cjs/puppeteer/common/CallbackRegistry.js:106:16)
    at CallbackRegistry.create (/var/www/gdpr-consent/backend/node_modules/puppeteer-core/lib/cjs/puppeteer/common/CallbackRegistry.js:24:26)
    at Connection._rawSend (/var/www/gdpr-consent/backend/node_modules/puppeteer-core/lib/cjs/puppeteer/cdp/Connection.js:99:26)
    at CdpCDPSession.send (/var/www/gdpr-consent/backend/node_modules/puppeteer-core/lib/cjs/puppeteer/cdp/CdpSession.js:73:33)
    at CdpPage._screenshot (/var/www/gdpr-consent/backend/node_modules/puppeteer-core/lib/cjs/puppeteer/cdp/Page.js:773:62)
    at CdpPage.screenshot (/var/www/gdpr-consent/backend/node_modules/puppeteer-core/lib/cjs/puppeteer/api/Page.js:1075:41)
    at runNextTicks (node:internal/process/task_queues:60:5)
    at process.processImmediate (node:internal/timers:447:9)
    at async CdpPage.<anonymous> (/var/www/gdpr-consent/backend/node_modules/puppeteer-core/lib/cjs/puppeteer/util/decorators.js:172:24)
[/api/consent error] ProtocolError: Page.captureScreenshot timed out. Increase the 'protocolTimeout' setting in launch/connect calls for a higher timeout if needed.
    at <instance_members_initializer> (/var/www/gdpr-consent/backend/node_modules/puppeteer-core/lib/cjs/puppeteer/common/CallbackRegistry.js:102:14)
    at new Callback (/var/www/gdpr-consent/backend/node_modules/puppeteer-core/lib/cjs/puppeteer/common/CallbackRegistry.js:106:16)
    at CallbackRegistry.create (/var/www/gdpr-consent/backend/node_modules/puppeteer-core/lib/cjs/puppeteer/common/CallbackRegistry.js:24:26)
    at Connection._rawSend (/var/www/gdpr-consent/backend/node_modules/puppeteer-core/lib/cjs/puppeteer/cdp/Connection.js:99:26)
    at CdpCDPSession.send (/var/www/gdpr-consent/backend/node_modules/puppeteer-core/lib/cjs/puppeteer/cdp/CdpSession.js:73:33)
    at CdpPage._screenshot (/var/www/gdpr-consent/backend/node_modules/puppeteer-core/lib/cjs/puppeteer/cdp/Page.js:773:62)
    at CdpPage.screenshot (/var/www/gdpr-consent/backend/node_modules/puppeteer-core/lib/cjs/puppeteer/api/Page.js:1075:41)
    at async CdpPage.<anonymous> (/var/www/gdpr-consent/backend/node_modules/puppeteer-core/lib/cjs/puppeteer/util/decorators.js:172:24)
    at async renderAgreementToPNG (/var/www/gdpr-consent/backend/server.js:338:5)
    at async /var/www/gdpr-consent/backend/server.js:672:5
[/api/consent error] ProtocolError: Page.captureScreenshot timed out. Increase the 'protocolTimeout' setting in launch/connect calls for a higher timeout if needed.
    at <instance_members_initializer> (/var/www/gdpr-consent/backend/node_modules/puppeteer-core/lib/cjs/puppeteer/common/CallbackRegistry.js:102:14)
    at new Callback (/var/www/gdpr-consent/backend/node_modules/puppeteer-core/lib/cjs/puppeteer/common/CallbackRegistry.js:106:16)
    at CallbackRegistry.create (/var/www/gdpr-consent/backend/node_modules/puppeteer-core/lib/cjs/puppeteer/common/CallbackRegistry.js:24:26)
    at Connection._rawSend (/var/www/gdpr-consent/backend/node_modules/puppeteer-core/lib/cjs/puppeteer/cdp/Connection.js:99:26)
    at CdpCDPSession.send (/var/www/gdpr-consent/backend/node_modules/puppeteer-core/lib/cjs/puppeteer/cdp/CdpSession.js:73:33)
    at CdpPage._screenshot (/var/www/gdpr-consent/backend/node_modules/puppeteer-core/lib/cjs/puppeteer/cdp/Page.js:773:62)
    at CdpPage.screenshot (/var/www/gdpr-consent/backend/node_modules/puppeteer-core/lib/cjs/puppeteer/api/Page.js:1075:41)
    at runNextTicks (node:internal/process/task_queues:60:5)
    at process.processImmediate (node:internal/timers:447:9)
    at async CdpPage.<anonymous> (/var/www/gdpr-consent/backend/node_modules/puppeteer-core/lib/cjs/puppeteer/util/decorators.js:172:24)
SyntaxError: Unexpected token } in JSON at position 11
    at JSON.parse (<anonymous>)
    at parse (/var/www/gdpr-consent/backend/node_modules/body-parser/lib/types/json.js:92:19)
    at /var/www/gdpr-consent/backend/node_modules/body-parser/lib/read.js:128:18
    at AsyncResource.runInAsyncScope (node:async_hooks:203:9)
    at invokeCallback (/var/www/gdpr-consent/backend/node_modules/raw-body/index.js:238:16)
    at done (/var/www/gdpr-consent/backend/node_modules/raw-body/index.js:227:7)
    at IncomingMessage.onEnd (/var/www/gdpr-consent/backend/node_modules/raw-body/index.js:287:7)
    at IncomingMessage.emit (node:events:517:28)
    at endReadableNT (node:internal/streams/readable:1400:12)
    at process.processTicksAndRejections (node:internal/process/task_queues:82:21)
[/api/consent error] TimeoutError: Timed out after 30000 ms while waiting for the WS endpoint URL to appear in stdout!
    at ChromeLauncher.launch (/var/www/gdpr-consent/backend/node_modules/puppeteer-core/lib/cjs/puppeteer/node/BrowserLauncher.js:164:23)
    at async renderAgreementToPNG (/var/www/gdpr-consent/backend/server.js:328:19)
    at async /var/www/gdpr-consent/backend/server.js:672:5
[/api/consent error] TimeoutError: Timed out after 30000 ms while waiting for the WS endpoint URL to appear in stdout!
    at ChromeLauncher.launch (/var/www/gdpr-consent/backend/node_modules/puppeteer-core/lib/cjs/puppeteer/node/BrowserLauncher.js:164:23)
    at async renderAgreementToPNG (/var/www/gdpr-consent/backend/server.js:328:19)
    at async /var/www/gdpr-consent/backend/server.js:672:5
[/api/consent error] TimeoutError: Timed out after 30000 ms while waiting for the WS endpoint URL to appear in stdout!
    at ChromeLauncher.launch (/var/www/gdpr-consent/backend/node_modules/puppeteer-core/lib/cjs/puppeteer/node/BrowserLauncher.js:164:23)
    at async renderAgreementToPNG (/var/www/gdpr-consent/backend/server.js:328:19)
    at async /var/www/gdpr-consent/backend/server.js:672:5
BadRequestError: request aborted
    at IncomingMessage.onAborted (/var/www/gdpr-consent/backend/node_modules/raw-body/index.js:245:10)
    at IncomingMessage.emit (node:events:517:28)
    at IncomingMessage._destroy (node:_http_incoming:224:10)
    at _destroy (node:internal/streams/destroy:109:10)
    at IncomingMessage.destroy (node:internal/streams/destroy:71:5)
    at abortIncoming (node:_http_server:782:9)
    at socketOnClose (node:_http_server:776:3)
    at Socket.emit (node:events:529:35)
    at TCP.<anonymous> (node:net:351:12)
[/api/consent error] TimeoutError: Timed out after 30000 ms while waiting for the WS endpoint URL to appear in stdout!
    at ChromeLauncher.launch (/var/www/gdpr-consent/backend/node_modules/puppeteer-core/lib/cjs/puppeteer/node/BrowserLauncher.js:164:23)
    at async renderAgreementToPNG (/var/www/gdpr-consent/backend/server.js:328:19)
    at async /var/www/gdpr-consent/backend/server.js:672:5
[/api/consent error] TimeoutError: Timed out after 30000 ms while waiting for the WS endpoint URL to appear in stdout!
    at ChromeLauncher.launch (/var/www/gdpr-consent/backend/node_modules/puppeteer-core/lib/cjs/puppeteer/node/BrowserLauncher.js:164:23)
    at runNextTicks (node:internal/process/task_queues:60:5)
    at listOnTimeout (node:internal/timers:538:9)
    at process.processTimers (node:internal/timers:512:7)
    at async renderAgreementToPNG (/var/www/gdpr-consent/backend/server.js:328:19)
    at async /var/www/gdpr-consent/backend/server.js:672:5
[/api/consent error] TimeoutError: Timed out after 30000 ms while waiting for the WS endpoint URL to appear in stdout!
    at ChromeLauncher.launch (/var/www/gdpr-consent/backend/node_modules/puppeteer-core/lib/cjs/puppeteer/node/BrowserLauncher.js:164:23)
    at runNextTicks (node:internal/process/task_queues:60:5)
    at listOnTimeout (node:internal/timers:538:9)
    at process.processTimers (node:internal/timers:512:7)
    at async renderAgreementToPNG (/var/www/gdpr-consent/backend/server.js:328:19)
    at async /var/www/gdpr-consent/backend/server.js:672:5
[/api/consent error] TimeoutError: Timed out after 30000 ms while waiting for the WS endpoint URL to appear in stdout!
    at ChromeLauncher.launch (/var/www/gdpr-consent/backend/node_modules/puppeteer-core/lib/cjs/puppeteer/node/BrowserLauncher.js:164:23)
    at async renderAgreementToPNG (/var/www/gdpr-consent/backend/server.js:328:19)
    at async /var/www/gdpr-consent/backend/server.js:672:5
[/api/consent error] TimeoutError: Timed out after 30000 ms while waiting for the WS endpoint URL to appear in stdout!
    at ChromeLauncher.launch (/var/www/gdpr-consent/backend/node_modules/puppeteer-core/lib/cjs/puppeteer/node/BrowserLauncher.js:164:23)
    at async renderAgreementToPNG (/var/www/gdpr-consent/backend/server.js:328:19)
    at async /var/www/gdpr-consent/backend/server.js:672:5
[/api/consent error] TimeoutError: Timed out after 30000 ms while waiting for the WS endpoint URL to appear in stdout!
    at ChromeLauncher.launch (/var/www/gdpr-consent/backend/node_modules/puppeteer-core/lib/cjs/puppeteer/node/BrowserLauncher.js:164:23)
    at runNextTicks (node:internal/process/task_queues:60:5)
    at process.processTimers (node:internal/timers:509:9)
    at async renderAgreementToPNG (/var/www/gdpr-consent/backend/server.js:328:19)
    at async /var/www/gdpr-consent/backend/server.js:672:5
[/api/consent error] TimeoutError: Timed out after 30000 ms while waiting for the WS endpoint URL to appear in stdout!
    at ChromeLauncher.launch (/var/www/gdpr-consent/backend/node_modules/puppeteer-core/lib/cjs/puppeteer/node/BrowserLauncher.js:164:23)
    at runNextTicks (node:internal/process/task_queues:60:5)
    at listOnTimeout (node:internal/timers:538:9)
    at process.processTimers (node:internal/timers:512:7)
    at async renderAgreementToPNG (/var/www/gdpr-consent/backend/server.js:328:19)
    at async /var/www/gdpr-consent/backend/server.js:672:5
[/api/consent error] TimeoutError: Timed out after 30000 ms while waiting for the WS endpoint URL to appear in stdout!
    at ChromeLauncher.launch (/var/www/gdpr-consent/backend/node_modules/puppeteer-core/lib/cjs/puppeteer/node/BrowserLauncher.js:164:23)
    at async renderAgreementToPNG (/var/www/gdpr-consent/backend/server.js:328:19)
    at async /var/www/gdpr-consent/backend/server.js:672:5
[/api/consent error] TimeoutError: Timed out after 30000 ms while waiting for the WS endpoint URL to appear in stdout!
    at ChromeLauncher.launch (/var/www/gdpr-consent/backend/node_modules/puppeteer-core/lib/cjs/puppeteer/node/BrowserLauncher.js:164:23)
    at runNextTicks (node:internal/process/task_queues:60:5)
    at listOnTimeout (node:internal/timers:538:9)
    at process.processTimers (node:internal/timers:512:7)
    at async renderAgreementToPNG (/var/www/gdpr-consent/backend/server.js:328:19)
    at async /var/www/gdpr-consent/backend/server.js:672:5
[/api/consent error] TimeoutError: Timed out after 30000 ms while waiting for the WS endpoint URL to appear in stdout!
    at ChromeLauncher.launch (/var/www/gdpr-consent/backend/node_modules/puppeteer-core/lib/cjs/puppeteer/node/BrowserLauncher.js:164:23)
    at async renderAgreementToPNG (/var/www/gdpr-consent/backend/server.js:328:19)
    at async /var/www/gdpr-consent/backend/server.js:672:5
[/api/consent error] TimeoutError: Navigation timeout of 30000 ms exceeded
    at new Deferred (/var/www/gdpr-consent/backend/node_modules/puppeteer-core/lib/cjs/puppeteer/util/Deferred.js:60:34)
    at Deferred.create (/var/www/gdpr-consent/backend/node_modules/puppeteer-core/lib/cjs/puppeteer/util/Deferred.js:21:16)
    at new LifecycleWatcher (/var/www/gdpr-consent/backend/node_modules/puppeteer-core/lib/cjs/puppeteer/cdp/LifecycleWatcher.js:73:60)
    at CdpFrame.setContent (/var/www/gdpr-consent/backend/node_modules/puppeteer-core/lib/cjs/puppeteer/cdp/Frame.js:233:29)
    at processTicksAndRejections (node:internal/process/task_queues:95:5)
    at runNextTicks (node:internal/process/task_queues:64:3)
    at process.processImmediate (node:internal/timers:447:9)
    at async CdpPage.setContent (/var/www/gdpr-consent/backend/node_modules/puppeteer-core/lib/cjs/puppeteer/api/Page.js:568:13)
    at async renderAgreementToPNG (/var/www/gdpr-consent/backend/server.js:337:5)
    at async /var/www/gdpr-consent/backend/server.js:672:5
[/api/consent error] TimeoutError: Timed out after 30000 ms while waiting for the WS endpoint URL to appear in stdout!
    at ChromeLauncher.launch (/var/www/gdpr-consent/backend/node_modules/puppeteer-core/lib/cjs/puppeteer/node/BrowserLauncher.js:164:23)
    at async renderAgreementToPNG (/var/www/gdpr-consent/backend/server.js:328:19)
    at async /var/www/gdpr-consent/backend/server.js:672:5
[/api/consent error] TimeoutError: Navigation timeout of 30000 ms exceeded
    at new Deferred (/var/www/gdpr-consent/backend/node_modules/puppeteer-core/lib/cjs/puppeteer/util/Deferred.js:60:34)
    at Deferred.create (/var/www/gdpr-consent/backend/node_modules/puppeteer-core/lib/cjs/puppeteer/util/Deferred.js:21:16)
    at new LifecycleWatcher (/var/www/gdpr-consent/backend/node_modules/puppeteer-core/lib/cjs/puppeteer/cdp/LifecycleWatcher.js:73:60)
    at CdpFrame.setContent (/var/www/gdpr-consent/backend/node_modules/puppeteer-core/lib/cjs/puppeteer/cdp/Frame.js:233:29)
    at processTicksAndRejections (node:internal/process/task_queues:95:5)
    at runNextTicks (node:internal/process/task_queues:64:3)
    at process.processImmediate (node:internal/timers:447:9)
    at async CdpPage.setContent (/var/www/gdpr-consent/backend/node_modules/puppeteer-core/lib/cjs/puppeteer/api/Page.js:568:13)
    at async renderAgreementToPNG (/var/www/gdpr-consent/backend/server.js:337:5)
    at async /var/www/gdpr-consent/backend/server.js:672:5
[/api/consent error] TimeoutError: Navigation timeout of 30000 ms exceeded
    at new Deferred (/var/www/gdpr-consent/backend/node_modules/puppeteer-core/lib/cjs/puppeteer/util/Deferred.js:60:34)
    at Deferred.create (/var/www/gdpr-consent/backend/node_modules/puppeteer-core/lib/cjs/puppeteer/util/Deferred.js:21:16)
    at new LifecycleWatcher (/var/www/gdpr-consent/backend/node_modules/puppeteer-core/lib/cjs/puppeteer/cdp/LifecycleWatcher.js:73:60)
    at CdpFrame.setContent (/var/www/gdpr-consent/backend/node_modules/puppeteer-core/lib/cjs/puppeteer/cdp/Frame.js:233:29)
    at process.processTicksAndRejections (node:internal/process/task_queues:95:5)
    at async CdpPage.setContent (/var/www/gdpr-consent/backend/node_modules/puppeteer-core/lib/cjs/puppeteer/api/Page.js:568:13)
    at async renderAgreementToPNG (/var/www/gdpr-consent/backend/server.js:337:5)
    at async /var/www/gdpr-consent/backend/server.js:672:5
[/api/consent error] TimeoutError: Navigation timeout of 30000 ms exceeded
    at new Deferred (/var/www/gdpr-consent/backend/node_modules/puppeteer-core/lib/cjs/puppeteer/util/Deferred.js:60:34)
    at Deferred.create (/var/www/gdpr-consent/backend/node_modules/puppeteer-core/lib/cjs/puppeteer/util/Deferred.js:21:16)
    at new LifecycleWatcher (/var/www/gdpr-consent/backend/node_modules/puppeteer-core/lib/cjs/puppeteer/cdp/LifecycleWatcher.js:73:60)
    at CdpFrame.setContent (/var/www/gdpr-consent/backend/node_modules/puppeteer-core/lib/cjs/puppeteer/cdp/Frame.js:233:29)
    at processTicksAndRejections (node:internal/process/task_queues:95:5)
    at runNextTicks (node:internal/process/task_queues:64:3)
    at process.processImmediate (node:internal/timers:447:9)
    at async CdpPage.setContent (/var/www/gdpr-consent/backend/node_modules/puppeteer-core/lib/cjs/puppeteer/api/Page.js:568:13)
    at async renderAgreementToPNG (/var/www/gdpr-consent/backend/server.js:337:5)
    at async /var/www/gdpr-consent/backend/server.js:672:5
[/api/consent error] TimeoutError: Timed out after 30000 ms while waiting for the WS endpoint URL to appear in stdout!
    at ChromeLauncher.launch (/var/www/gdpr-consent/backend/node_modules/puppeteer-core/lib/cjs/puppeteer/node/BrowserLauncher.js:164:23)
    at async renderAgreementToPNG (/var/www/gdpr-consent/backend/server.js:328:19)
    at async /var/www/gdpr-consent/backend/server.js:672:5
[/api/consent error] TimeoutError: Timed out after 30000 ms while waiting for the WS endpoint URL to appear in stdout!
    at ChromeLauncher.launch (/var/www/gdpr-consent/backend/node_modules/puppeteer-core/lib/cjs/puppeteer/node/BrowserLauncher.js:164:23)
    at async renderAgreementToPNG (/var/www/gdpr-consent/backend/server.js:328:19)
    at async /var/www/gdpr-consent/backend/server.js:672:5
[/api/consent error] TimeoutError: Timed out after 30000 ms while waiting for the WS endpoint URL to appear in stdout!
    at ChromeLauncher.launch (/var/www/gdpr-consent/backend/node_modules/puppeteer-core/lib/cjs/puppeteer/node/BrowserLauncher.js:164:23)
    at runNextTicks (node:internal/process/task_queues:60:5)
    at listOnTimeout (node:internal/timers:538:9)
    at process.processTimers (node:internal/timers:512:7)
    at async renderAgreementToPNG (/var/www/gdpr-consent/backend/server.js:328:19)
    at async /var/www/gdpr-consent/backend/server.js:672:5
[/api/consent error] TimeoutError: Timed out after 30000 ms while waiting for the WS endpoint URL to appear in stdout!
    at ChromeLauncher.launch (/var/www/gdpr-consent/backend/node_modules/puppeteer-core/lib/cjs/puppeteer/node/BrowserLauncher.js:164:23)
    at runNextTicks (node:internal/process/task_queues:60:5)
    at listOnTimeout (node:internal/timers:538:9)
    at process.processTimers (node:internal/timers:512:7)
    at async renderAgreementToPNG (/var/www/gdpr-consent/backend/server.js:328:19)
    at async /var/www/gdpr-consent/backend/server.js:672:5
[/api/consent error] TimeoutError: Timed out after 30000 ms while waiting for the WS endpoint URL to appear in stdout!
    at ChromeLauncher.launch (/var/www/gdpr-consent/backend/node_modules/puppeteer-core/lib/cjs/puppeteer/node/BrowserLauncher.js:164:23)
    at runNextTicks (node:internal/process/task_queues:60:5)
    at listOnTimeout (node:internal/timers:538:9)
    at process.processTimers (node:internal/timers:512:7)
    at async renderAgreementToPNG (/var/www/gdpr-consent/backend/server.js:328:19)
    at async /var/www/gdpr-consent/backend/server.js:672:5
[/api/consent error] TimeoutError: Timed out after 30000 ms while waiting for the WS endpoint URL to appear in stdout!
    at ChromeLauncher.launch (/var/www/gdpr-consent/backend/node_modules/puppeteer-core/lib/cjs/puppeteer/node/BrowserLauncher.js:164:23)
    at async renderAgreementToPNG (/var/www/gdpr-consent/backend/server.js:328:19)
    at async /var/www/gdpr-consent/backend/server.js:672:5
[/api/consent error] TimeoutError: Timed out after 30000 ms while waiting for the WS endpoint URL to appear in stdout!
    at ChromeLauncher.launch (/var/www/gdpr-consent/backend/node_modules/puppeteer-core/lib/cjs/puppeteer/node/BrowserLauncher.js:164:23)
    at runNextTicks (node:internal/process/task_queues:60:5)
    at listOnTimeout (node:internal/timers:538:9)
    at process.processTimers (node:internal/timers:512:7)
    at async renderAgreementToPNG (/var/www/gdpr-consent/backend/server.js:328:19)
    at async /var/www/gdpr-consent/backend/server.js:672:5
[/api/consent error] Error: connect ETIMEDOUT
    at PromisePool.execute (/var/www/gdpr-consent/backend/node_modules/mysql2/lib/promise/pool.js:54:22)
    at /var/www/gdpr-consent/backend/server.js:636:31
    at Layer.handle [as handle_request] (/var/www/gdpr-consent/backend/node_modules/express/lib/router/layer.js:95:5)
    at next (/var/www/gdpr-consent/backend/node_modules/express/lib/router/route.js:149:13)
    at Route.dispatch (/var/www/gdpr-consent/backend/node_modules/express/lib/router/route.js:119:3)
    at Layer.handle [as handle_request] (/var/www/gdpr-consent/backend/node_modules/express/lib/router/layer.js:95:5)
    at /var/www/gdpr-consent/backend/node_modules/express/lib/router/index.js:284:15
    at Function.process_params (/var/www/gdpr-consent/backend/node_modules/express/lib/router/index.js:346:12)
    at next (/var/www/gdpr-consent/backend/node_modules/express/lib/router/index.js:280:10)
    at serveStatic (/var/www/gdpr-consent/backend/node_modules/serve-static/index.js:75:16)
[/api/consent error] TimeoutError: Timed out after 30000 ms while waiting for the WS endpoint URL to appear in stdout!
    at ChromeLauncher.launch (/var/www/gdpr-consent/backend/node_modules/puppeteer-core/lib/cjs/puppeteer/node/BrowserLauncher.js:164:23)
    at async renderAgreementToPNG (/var/www/gdpr-consent/backend/server.js:328:19)
    at async /var/www/gdpr-consent/backend/server.js:672:5
[/api/consent error] Error: connect ETIMEDOUT
    at PromisePool.execute (/var/www/gdpr-consent/backend/node_modules/mysql2/lib/promise/pool.js:54:22)
    at /var/www/gdpr-consent/backend/server.js:636:31
    at Layer.handle [as handle_request] (/var/www/gdpr-consent/backend/node_modules/express/lib/router/layer.js:95:5)
    at next (/var/www/gdpr-consent/backend/node_modules/express/lib/router/route.js:149:13)
    at Route.dispatch (/var/www/gdpr-consent/backend/node_modules/express/lib/router/route.js:119:3)
    at Layer.handle [as handle_request] (/var/www/gdpr-consent/backend/node_modules/express/lib/router/layer.js:95:5)
    at /var/www/gdpr-consent/backend/node_modules/express/lib/router/index.js:284:15
    at Function.process_params (/var/www/gdpr-consent/backend/node_modules/express/lib/router/index.js:346:12)
    at next (/var/www/gdpr-consent/backend/node_modules/express/lib/router/index.js:280:10)
    at serveStatic (/var/www/gdpr-consent/backend/node_modules/serve-static/index.js:75:16)
[/api/consent error] TimeoutError: Navigation timeout of 30000 ms exceeded
    at new Deferred (/var/www/gdpr-consent/backend/node_modules/puppeteer-core/lib/cjs/puppeteer/util/Deferred.js:60:34)
    at Deferred.create (/var/www/gdpr-consent/backend/node_modules/puppeteer-core/lib/cjs/puppeteer/util/Deferred.js:21:16)
    at new LifecycleWatcher (/var/www/gdpr-consent/backend/node_modules/puppeteer-core/lib/cjs/puppeteer/cdp/LifecycleWatcher.js:73:60)
    at CdpFrame.setContent (/var/www/gdpr-consent/backend/node_modules/puppeteer-core/lib/cjs/puppeteer/cdp/Frame.js:233:29)
    at process.processTicksAndRejections (node:internal/process/task_queues:95:5)
    at async CdpPage.setContent (/var/www/gdpr-consent/backend/node_modules/puppeteer-core/lib/cjs/puppeteer/api/Page.js:568:13)
    at async renderAgreementToPNG (/var/www/gdpr-consent/backend/server.js:337:5)
    at async /var/www/gdpr-consent/backend/server.js:672:5
[/api/consent error] TimeoutError: Timed out after 30000 ms while waiting for the WS endpoint URL to appear in stdout!
    at ChromeLauncher.launch (/var/www/gdpr-consent/backend/node_modules/puppeteer-core/lib/cjs/puppeteer/node/BrowserLauncher.js:164:23)
    at runNextTicks (node:internal/process/task_queues:60:5)
    at listOnTimeout (node:internal/timers:538:9)
    at process.processTimers (node:internal/timers:512:7)
    at async renderAgreementToPNG (/var/www/gdpr-consent/backend/server.js:328:19)
    at async /var/www/gdpr-consent/backend/server.js:672:5
[/api/consent error] TimeoutError: Timed out after 30000 ms while waiting for the WS endpoint URL to appear in stdout!
    at ChromeLauncher.launch (/var/www/gdpr-consent/backend/node_modules/puppeteer-core/lib/cjs/puppeteer/node/BrowserLauncher.js:164:23)
    at async renderAgreementToPNG (/var/www/gdpr-consent/backend/server.js:328:19)
    at async /var/www/gdpr-consent/backend/server.js:672:5
[/api/consent error] TimeoutError: Timed out after 30000 ms while waiting for the WS endpoint URL to appear in stdout!
    at ChromeLauncher.launch (/var/www/gdpr-consent/backend/node_modules/puppeteer-core/lib/cjs/puppeteer/node/BrowserLauncher.js:164:23)
    at runNextTicks (node:internal/process/task_queues:60:5)
    at listOnTimeout (node:internal/timers:538:9)
    at process.processTimers (node:internal/timers:512:7)
    at async renderAgreementToPNG (/var/www/gdpr-consent/backend/server.js:328:19)
    at async /var/www/gdpr-consent/backend/server.js:672:5
[/api/consent error] TimeoutError: Timed out after 30000 ms while waiting for the WS endpoint URL to appear in stdout!
    at ChromeLauncher.launch (/var/www/gdpr-consent/backend/node_modules/puppeteer-core/lib/cjs/puppeteer/node/BrowserLauncher.js:164:23)
    at runNextTicks (node:internal/process/task_queues:60:5)
    at listOnTimeout (node:internal/timers:538:9)
    at process.processTimers (node:internal/timers:512:7)
    at async renderAgreementToPNG (/var/www/gdpr-consent/backend/server.js:328:19)
    at async /var/www/gdpr-consent/backend/server.js:672:5
[/api/consent error] TimeoutError: Timed out after 30000 ms while waiting for the WS endpoint URL to appear in stdout!
    at ChromeLauncher.launch (/var/www/gdpr-consent/backend/node_modules/puppeteer-core/lib/cjs/puppeteer/node/BrowserLauncher.js:164:23)
    at runNextTicks (node:internal/process/task_queues:60:5)
    at listOnTimeout (node:internal/timers:538:9)
    at process.processTimers (node:internal/timers:512:7)
    at async renderAgreementToPNG (/var/www/gdpr-consent/backend/server.js:328:19)
    at async /var/www/gdpr-consent/backend/server.js:672:5
[/api/consent error] TimeoutError: Timed out after 30000 ms while waiting for the WS endpoint URL to appear in stdout!
    at ChromeLauncher.launch (/var/www/gdpr-consent/backend/node_modules/puppeteer-core/lib/cjs/puppeteer/node/BrowserLauncher.js:164:23)
    at runNextTicks (node:internal/process/task_queues:60:5)
    at listOnTimeout (node:internal/timers:538:9)
    at process.processTimers (node:internal/timers:512:7)
    at async renderAgreementToPNG (/var/www/gdpr-consent/backend/server.js:328:19)
    at async /var/www/gdpr-consent/backend/server.js:672:5
[/api/consent error] TimeoutError: Timed out after 30000 ms while waiting for the WS endpoint URL to appear in stdout!
    at ChromeLauncher.launch (/var/www/gdpr-consent/backend/node_modules/puppeteer-core/lib/cjs/puppeteer/node/BrowserLauncher.js:164:23)
    at async renderAgreementToPNG (/var/www/gdpr-consent/backend/server.js:328:19)
    at async /var/www/gdpr-consent/backend/server.js:672:5
[/api/consent error] TimeoutError: Timed out after 30000 ms while waiting for the WS endpoint URL to appear in stdout!
    at ChromeLauncher.launch (/var/www/gdpr-consent/backend/node_modules/puppeteer-core/lib/cjs/puppeteer/node/BrowserLauncher.js:164:23)
    at async renderAgreementToPNG (/var/www/gdpr-consent/backend/server.js:328:19)
    at async /var/www/gdpr-consent/backend/server.js:672:5
[/api/consent error] TimeoutError: Timed out after 30000 ms while waiting for the WS endpoint URL to appear in stdout!
    at ChromeLauncher.launch (/var/www/gdpr-consent/backend/node_modules/puppeteer-core/lib/cjs/puppeteer/node/BrowserLauncher.js:164:23)
    at runNextTicks (node:internal/process/task_queues:60:5)
    at listOnTimeout (node:internal/timers:538:9)
    at process.processTimers (node:internal/timers:512:7)
    at async renderAgreementToPNG (/var/www/gdpr-consent/backend/server.js:328:19)
    at async /var/www/gdpr-consent/backend/server.js:672:5
[/api/consent error] TimeoutError: Timed out after 30000 ms while waiting for the WS endpoint URL to appear in stdout!
    at ChromeLauncher.launch (/var/www/gdpr-consent/backend/node_modules/puppeteer-core/lib/cjs/puppeteer/node/BrowserLauncher.js:164:23)
    at async renderAgreementToPNG (/var/www/gdpr-consent/backend/server.js:328:19)
    at async /var/www/gdpr-consent/backend/server.js:672:5
[/api/consent error] TimeoutError: Timed out after 30000 ms while waiting for the WS endpoint URL to appear in stdout!
    at ChromeLauncher.launch (/var/www/gdpr-consent/backend/node_modules/puppeteer-core/lib/cjs/puppeteer/node/BrowserLauncher.js:164:23)
    at async renderAgreementToPNG (/var/www/gdpr-consent/backend/server.js:328:19)
    at async /var/www/gdpr-consent/backend/server.js:672:5
[/api/consent error] TimeoutError: Timed out after 30000 ms while waiting for the WS endpoint URL to appear in stdout!
    at ChromeLauncher.launch (/var/www/gdpr-consent/backend/node_modules/puppeteer-core/lib/cjs/puppeteer/node/BrowserLauncher.js:164:23)
    at async renderAgreementToPNG (/var/www/gdpr-consent/backend/server.js:328:19)
    at async /var/www/gdpr-consent/backend/server.js:672:5
[/api/consent error] TimeoutError: Timed out after 30000 ms while waiting for the WS endpoint URL to appear in stdout!
    at ChromeLauncher.launch (/var/www/gdpr-consent/backend/node_modules/puppeteer-core/lib/cjs/puppeteer/node/BrowserLauncher.js:164:23)
    at async renderAgreementToPNG (/var/www/gdpr-consent/backend/server.js:328:19)
    at async /var/www/gdpr-consent/backend/server.js:672:5
[/api/consent error] TimeoutError: Navigation timeout of 30000 ms exceeded
    at new Deferred (/var/www/gdpr-consent/backend/node_modules/puppeteer-core/lib/cjs/puppeteer/util/Deferred.js:60:34)
    at Deferred.create (/var/www/gdpr-consent/backend/node_modules/puppeteer-core/lib/cjs/puppeteer/util/Deferred.js:21:16)
    at new LifecycleWatcher (/var/www/gdpr-consent/backend/node_modules/puppeteer-core/lib/cjs/puppeteer/cdp/LifecycleWatcher.js:73:60)
    at CdpFrame.setContent (/var/www/gdpr-consent/backend/node_modules/puppeteer-core/lib/cjs/puppeteer/cdp/Frame.js:233:29)
    at process.processTicksAndRejections (node:internal/process/task_queues:95:5)
    at async CdpPage.setContent (/var/www/gdpr-consent/backend/node_modules/puppeteer-core/lib/cjs/puppeteer/api/Page.js:568:13)
    at async renderAgreementToPNG (/var/www/gdpr-consent/backend/server.js:337:5)
    at async /var/www/gdpr-consent/backend/server.js:672:5
[/api/consent error] TimeoutError: Navigation timeout of 30000 ms exceeded
    at new Deferred (/var/www/gdpr-consent/backend/node_modules/puppeteer-core/lib/cjs/puppeteer/util/Deferred.js:60:34)
    at Deferred.create (/var/www/gdpr-consent/backend/node_modules/puppeteer-core/lib/cjs/puppeteer/util/Deferred.js:21:16)
    at new LifecycleWatcher (/var/www/gdpr-consent/backend/node_modules/puppeteer-core/lib/cjs/puppeteer/cdp/LifecycleWatcher.js:73:60)
    at CdpFrame.setContent (/var/www/gdpr-consent/backend/node_modules/puppeteer-core/lib/cjs/puppeteer/cdp/Frame.js:233:29)
    at processTicksAndRejections (node:internal/process/task_queues:95:5)
    at runNextTicks (node:internal/process/task_queues:64:3)
    at process.processImmediate (node:internal/timers:447:9)
    at async CdpPage.setContent (/var/www/gdpr-consent/backend/node_modules/puppeteer-core/lib/cjs/puppeteer/api/Page.js:568:13)
    at async renderAgreementToPNG (/var/www/gdpr-consent/backend/server.js:337:5)
    at async /var/www/gdpr-consent/backend/server.js:672:5
[/api/consent error] TimeoutError: Navigation timeout of 30000 ms exceeded
    at new Deferred (/var/www/gdpr-consent/backend/node_modules/puppeteer-core/lib/cjs/puppeteer/util/Deferred.js:60:34)
    at Deferred.create (/var/www/gdpr-consent/backend/node_modules/puppeteer-core/lib/cjs/puppeteer/util/Deferred.js:21:16)
    at new LifecycleWatcher (/var/www/gdpr-consent/backend/node_modules/puppeteer-core/lib/cjs/puppeteer/cdp/LifecycleWatcher.js:73:60)
    at CdpFrame.setContent (/var/www/gdpr-consent/backend/node_modules/puppeteer-core/lib/cjs/puppeteer/cdp/Frame.js:233:29)
    at processTicksAndRejections (node:internal/process/task_queues:95:5)
    at runNextTicks (node:internal/process/task_queues:64:3)
    at process.processImmediate (node:internal/timers:447:9)
    at async CdpPage.setContent (/var/www/gdpr-consent/backend/node_modules/puppeteer-core/lib/cjs/puppeteer/api/Page.js:568:13)
    at async renderAgreementToPNG (/var/www/gdpr-consent/backend/server.js:337:5)
    at async /var/www/gdpr-consent/backend/server.js:672:5
[/api/consent error] TimeoutError: Timed out after 30000 ms while waiting for the WS endpoint URL to appear in stdout!
    at ChromeLauncher.launch (/var/www/gdpr-consent/backend/node_modules/puppeteer-core/lib/cjs/puppeteer/node/BrowserLauncher.js:164:23)
    at async renderAgreementToPNG (/var/www/gdpr-consent/backend/server.js:328:19)
    at async /var/www/gdpr-consent/backend/server.js:672:5
[/api/consent error] TimeoutError: Timed out after 30000 ms while waiting for the WS endpoint URL to appear in stdout!
    at ChromeLauncher.launch (/var/www/gdpr-consent/backend/node_modules/puppeteer-core/lib/cjs/puppeteer/node/BrowserLauncher.js:164:23)
    at async renderAgreementToPNG (/var/www/gdpr-consent/backend/server.js:328:19)
    at async /var/www/gdpr-consent/backend/server.js:672:5
[/api/consent error] ProtocolError: Page.captureScreenshot timed out. Increase the 'protocolTimeout' setting in launch/connect calls for a higher timeout if needed.
    at <instance_members_initializer> (/var/www/gdpr-consent/backend/node_modules/puppeteer-core/lib/cjs/puppeteer/common/CallbackRegistry.js:102:14)
    at new Callback (/var/www/gdpr-consent/backend/node_modules/puppeteer-core/lib/cjs/puppeteer/common/CallbackRegistry.js:106:16)
    at CallbackRegistry.create (/var/www/gdpr-consent/backend/node_modules/puppeteer-core/lib/cjs/puppeteer/common/CallbackRegistry.js:24:26)
    at Connection._rawSend (/var/www/gdpr-consent/backend/node_modules/puppeteer-core/lib/cjs/puppeteer/cdp/Connection.js:99:26)
    at CdpCDPSession.send (/var/www/gdpr-consent/backend/node_modules/puppeteer-core/lib/cjs/puppeteer/cdp/CdpSession.js:73:33)
    at CdpPage._screenshot (/var/www/gdpr-consent/backend/node_modules/puppeteer-core/lib/cjs/puppeteer/cdp/Page.js:773:62)
    at CdpPage.screenshot (/var/www/gdpr-consent/backend/node_modules/puppeteer-core/lib/cjs/puppeteer/api/Page.js:1075:41)
    at async CdpPage.<anonymous> (/var/www/gdpr-consent/backend/node_modules/puppeteer-core/lib/cjs/puppeteer/util/decorators.js:172:24)
    at async renderAgreementToPNG (/var/www/gdpr-consent/backend/server.js:338:5)
    at async /var/www/gdpr-consent/backend/server.js:672:5
[/api/consent error] ProtocolError: Page.captureScreenshot timed out. Increase the 'protocolTimeout' setting in launch/connect calls for a higher timeout if needed.
    at <instance_members_initializer> (/var/www/gdpr-consent/backend/node_modules/puppeteer-core/lib/cjs/puppeteer/common/CallbackRegistry.js:102:14)
    at new Callback (/var/www/gdpr-consent/backend/node_modules/puppeteer-core/lib/cjs/puppeteer/common/CallbackRegistry.js:106:16)
    at CallbackRegistry.create (/var/www/gdpr-consent/backend/node_modules/puppeteer-core/lib/cjs/puppeteer/common/CallbackRegistry.js:24:26)
    at Connection._rawSend (/var/www/gdpr-consent/backend/node_modules/puppeteer-core/lib/cjs/puppeteer/cdp/Connection.js:99:26)
    at CdpCDPSession.send (/var/www/gdpr-consent/backend/node_modules/puppeteer-core/lib/cjs/puppeteer/cdp/CdpSession.js:73:33)
    at CdpPage._screenshot (/var/www/gdpr-consent/backend/node_modules/puppeteer-core/lib/cjs/puppeteer/cdp/Page.js:773:62)
    at CdpPage.screenshot (/var/www/gdpr-consent/backend/node_modules/puppeteer-core/lib/cjs/puppeteer/api/Page.js:1075:41)
    at runNextTicks (node:internal/process/task_queues:60:5)
    at process.processImmediate (node:internal/timers:447:9)
    at async CdpPage.<anonymous> (/var/www/gdpr-consent/backend/node_modules/puppeteer-core/lib/cjs/puppeteer/util/decorators.js:172:24)
[/api/consent error] ProtocolError: Page.captureScreenshot timed out. Increase the 'protocolTimeout' setting in launch/connect calls for a higher timeout if needed.
    at <instance_members_initializer> (/var/www/gdpr-consent/backend/node_modules/puppeteer-core/lib/cjs/puppeteer/common/CallbackRegistry.js:102:14)
    at new Callback (/var/www/gdpr-consent/backend/node_modules/puppeteer-core/lib/cjs/puppeteer/common/CallbackRegistry.js:106:16)
    at CallbackRegistry.create (/var/www/gdpr-consent/backend/node_modules/puppeteer-core/lib/cjs/puppeteer/common/CallbackRegistry.js:24:26)
    at Connection._rawSend (/var/www/gdpr-consent/backend/node_modules/puppeteer-core/lib/cjs/puppeteer/cdp/Connection.js:99:26)
    at CdpCDPSession.send (/var/www/gdpr-consent/backend/node_modules/puppeteer-core/lib/cjs/puppeteer/cdp/CdpSession.js:73:33)
    at CdpPage._screenshot (/var/www/gdpr-consent/backend/node_modules/puppeteer-core/lib/cjs/puppeteer/cdp/Page.js:773:62)
    at CdpPage.screenshot (/var/www/gdpr-consent/backend/node_modules/puppeteer-core/lib/cjs/puppeteer/api/Page.js:1075:41)
    at async CdpPage.<anonymous> (/var/www/gdpr-consent/backend/node_modules/puppeteer-core/lib/cjs/puppeteer/util/decorators.js:172:24)
    at async renderAgreementToPNG (/var/www/gdpr-consent/backend/server.js:338:5)
    at async /var/www/gdpr-consent/backend/server.js:672:5
[/api/consent error] TimeoutError: Timed out after 30000 ms while waiting for the WS endpoint URL to appear in stdout!
    at ChromeLauncher.launch (/var/www/gdpr-consent/backend/node_modules/puppeteer-core/lib/cjs/puppeteer/node/BrowserLauncher.js:164:23)
    at runNextTicks (node:internal/process/task_queues:60:5)
    at listOnTimeout (node:internal/timers:538:9)
    at process.processTimers (node:internal/timers:512:7)
    at async renderAgreementToPNG (/var/www/gdpr-consent/backend/server.js:328:19)
    at async /var/www/gdpr-consent/backend/server.js:672:5
[/api/consent error] TimeoutError: Timed out after 30000 ms while waiting for the WS endpoint URL to appear in stdout!
    at ChromeLauncher.launch (/var/www/gdpr-consent/backend/node_modules/puppeteer-core/lib/cjs/puppeteer/node/BrowserLauncher.js:164:23)
    at runNextTicks (node:internal/process/task_queues:60:5)
    at listOnTimeout (node:internal/timers:538:9)
    at process.processTimers (node:internal/timers:512:7)
    at async renderAgreementToPNG (/var/www/gdpr-consent/backend/server.js:328:19)
    at async /var/www/gdpr-consent/backend/server.js:672:5
[/api/consent error] TimeoutError: Timed out after 30000 ms while waiting for the WS endpoint URL to appear in stdout!
    at ChromeLauncher.launch (/var/www/gdpr-consent/backend/node_modules/puppeteer-core/lib/cjs/puppeteer/node/BrowserLauncher.js:164:23)
    at async renderAgreementToPNG (/var/www/gdpr-consent/backend/server.js:328:19)
    at async /var/www/gdpr-consent/backend/server.js:672:5
[/api/consent error] TimeoutError: Timed out after 30000 ms while waiting for the WS endpoint URL to appear in stdout!
    at ChromeLauncher.launch (/var/www/gdpr-consent/backend/node_modules/puppeteer-core/lib/cjs/puppeteer/node/BrowserLauncher.js:164:23)
    at async renderAgreementToPNG (/var/www/gdpr-consent/backend/server.js:328:19)
    at async /var/www/gdpr-consent/backend/server.js:672:5
[/api/consent error] Error: Got timeout reading communication packets
    at PromisePool.execute (/var/www/gdpr-consent/backend/node_modules/mysql2/lib/promise/pool.js:54:22)
    at /var/www/gdpr-consent/backend/server.js:636:31
    at Layer.handle [as handle_request] (/var/www/gdpr-consent/backend/node_modules/express/lib/router/layer.js:95:5)
    at next (/var/www/gdpr-consent/backend/node_modules/express/lib/router/route.js:149:13)
    at Route.dispatch (/var/www/gdpr-consent/backend/node_modules/express/lib/router/route.js:119:3)
    at Layer.handle [as handle_request] (/var/www/gdpr-consent/backend/node_modules/express/lib/router/layer.js:95:5)
    at /var/www/gdpr-consent/backend/node_modules/express/lib/router/index.js:284:15
    at Function.process_params (/var/www/gdpr-consent/backend/node_modules/express/lib/router/index.js:346:12)
    at next (/var/www/gdpr-consent/backend/node_modules/express/lib/router/index.js:280:10)
    at serveStatic (/var/www/gdpr-consent/backend/node_modules/serve-static/index.js:75:16)
[/api/consent error] Error: Got timeout reading communication packets
    at PromisePool.execute (/var/www/gdpr-consent/backend/node_modules/mysql2/lib/promise/pool.js:54:22)
    at /var/www/gdpr-consent/backend/server.js:636:31
    at Layer.handle [as handle_request] (/var/www/gdpr-consent/backend/node_modules/express/lib/router/layer.js:95:5)
    at next (/var/www/gdpr-consent/backend/node_modules/express/lib/router/route.js:149:13)
    at Route.dispatch (/var/www/gdpr-consent/backend/node_modules/express/lib/router/route.js:119:3)
    at Layer.handle [as handle_request] (/var/www/gdpr-consent/backend/node_modules/express/lib/router/layer.js:95:5)
    at /var/www/gdpr-consent/backend/node_modules/express/lib/router/index.js:284:15
    at Function.process_params (/var/www/gdpr-consent/backend/node_modules/express/lib/router/index.js:346:12)
    at next (/var/www/gdpr-consent/backend/node_modules/express/lib/router/index.js:280:10)
    at serveStatic (/var/www/gdpr-consent/backend/node_modules/serve-static/index.js:75:16)
[/api/consent error] TimeoutError: Timed out after 30000 ms while waiting for the WS endpoint URL to appear in stdout!
    at ChromeLauncher.launch (/var/www/gdpr-consent/backend/node_modules/puppeteer-core/lib/cjs/puppeteer/node/BrowserLauncher.js:164:23)
    at async renderAgreementToPNG (/var/www/gdpr-consent/backend/server.js:328:19)
    at async /var/www/gdpr-consent/backend/server.js:672:5
[/api/consent error] ProtocolError: Page.captureScreenshot timed out. Increase the 'protocolTimeout' setting in launch/connect calls for a higher timeout if needed.
    at <instance_members_initializer> (/var/www/gdpr-consent/backend/node_modules/puppeteer-core/lib/cjs/puppeteer/common/CallbackRegistry.js:102:14)
    at new Callback (/var/www/gdpr-consent/backend/node_modules/puppeteer-core/lib/cjs/puppeteer/common/CallbackRegistry.js:106:16)
    at CallbackRegistry.create (/var/www/gdpr-consent/backend/node_modules/puppeteer-core/lib/cjs/puppeteer/common/CallbackRegistry.js:24:26)
    at Connection._rawSend (/var/www/gdpr-consent/backend/node_modules/puppeteer-core/lib/cjs/puppeteer/cdp/Connection.js:99:26)
    at CdpCDPSession.send (/var/www/gdpr-consent/backend/node_modules/puppeteer-core/lib/cjs/puppeteer/cdp/CdpSession.js:73:33)
    at CdpPage._screenshot (/var/www/gdpr-consent/backend/node_modules/puppeteer-core/lib/cjs/puppeteer/cdp/Page.js:773:62)
    at CdpPage.screenshot (/var/www/gdpr-consent/backend/node_modules/puppeteer-core/lib/cjs/puppeteer/api/Page.js:1075:41)
    at async CdpPage.<anonymous> (/var/www/gdpr-consent/backend/node_modules/puppeteer-core/lib/cjs/puppeteer/util/decorators.js:172:24)
    at async renderAgreementToPNG (/var/www/gdpr-consent/backend/server.js:338:5)
    at async /var/www/gdpr-consent/backend/server.js:672:5
[/api/consent error] ProtocolError: Page.captureScreenshot timed out. Increase the 'protocolTimeout' setting in launch/connect calls for a higher timeout if needed.
    at <instance_members_initializer> (/var/www/gdpr-consent/backend/node_modules/puppeteer-core/lib/cjs/puppeteer/common/CallbackRegistry.js:102:14)
    at new Callback (/var/www/gdpr-consent/backend/node_modules/puppeteer-core/lib/cjs/puppeteer/common/CallbackRegistry.js:106:16)
    at CallbackRegistry.create (/var/www/gdpr-consent/backend/node_modules/puppeteer-core/lib/cjs/puppeteer/common/CallbackRegistry.js:24:26)
    at Connection._rawSend (/var/www/gdpr-consent/backend/node_modules/puppeteer-core/lib/cjs/puppeteer/cdp/Connection.js:99:26)
    at CdpCDPSession.send (/var/www/gdpr-consent/backend/node_modules/puppeteer-core/lib/cjs/puppeteer/cdp/CdpSession.js:73:33)
    at CdpPage._screenshot (/var/www/gdpr-consent/backend/node_modules/puppeteer-core/lib/cjs/puppeteer/cdp/Page.js:773:62)
    at CdpPage.screenshot (/var/www/gdpr-consent/backend/node_modules/puppeteer-core/lib/cjs/puppeteer/api/Page.js:1075:41)
    at runNextTicks (node:internal/process/task_queues:60:5)
    at process.processImmediate (node:internal/timers:447:9)
    at async CdpPage.<anonymous> (/var/www/gdpr-consent/backend/node_modules/puppeteer-core/lib/cjs/puppeteer/util/decorators.js:172:24)
[/api/consent error] TimeoutError: Timed out after 30000 ms while waiting for the WS endpoint URL to appear in stdout!
    at ChromeLauncher.launch (/var/www/gdpr-consent/backend/node_modules/puppeteer-core/lib/cjs/puppeteer/node/BrowserLauncher.js:164:23)
    at async renderAgreementToPNG (/var/www/gdpr-consent/backend/server.js:328:19)
    at async /var/www/gdpr-consent/backend/server.js:672:5
[/api/consent error] TimeoutError: Timed out after 30000 ms while waiting for the WS endpoint URL to appear in stdout!
    at ChromeLauncher.launch (/var/www/gdpr-consent/backend/node_modules/puppeteer-core/lib/cjs/puppeteer/node/BrowserLauncher.js:164:23)
    at runNextTicks (node:internal/process/task_queues:60:5)
    at listOnTimeout (node:internal/timers:538:9)
    at process.processTimers (node:internal/timers:512:7)
    at async renderAgreementToPNG (/var/www/gdpr-consent/backend/server.js:328:19)
    at async /var/www/gdpr-consent/backend/server.js:672:5
[/api/consent error] TimeoutError: Timed out after 30000 ms while waiting for the WS endpoint URL to appear in stdout!
    at ChromeLauncher.launch (/var/www/gdpr-consent/backend/node_modules/puppeteer-core/lib/cjs/puppeteer/node/BrowserLauncher.js:164:23)
    at runNextTicks (node:internal/process/task_queues:60:5)
    at listOnTimeout (node:internal/timers:538:9)
    at process.processTimers (node:internal/timers:512:7)
    at async renderAgreementToPNG (/var/www/gdpr-consent/backend/server.js:328:19)
    at async /var/www/gdpr-consent/backend/server.js:672:5
[/api/consent error] TimeoutError: Timed out after 30000 ms while waiting for the WS endpoint URL to appear in stdout!
    at ChromeLauncher.launch (/var/www/gdpr-consent/backend/node_modules/puppeteer-core/lib/cjs/puppeteer/node/BrowserLauncher.js:164:23)
    at runNextTicks (node:internal/process/task_queues:60:5)
    at listOnTimeout (node:internal/timers:538:9)
    at process.processTimers (node:internal/timers:512:7)
    at async renderAgreementToPNG (/var/www/gdpr-consent/backend/server.js:328:19)
    at async /var/www/gdpr-consent/backend/server.js:672:5
[/api/consent error] TimeoutError: Timed out after 30000 ms while waiting for the WS endpoint URL to appear in stdout!
    at ChromeLauncher.launch (/var/www/gdpr-consent/backend/node_modules/puppeteer-core/lib/cjs/puppeteer/node/BrowserLauncher.js:164:23)
    at runNextTicks (node:internal/process/task_queues:60:5)
    at listOnTimeout (node:internal/timers:538:9)
    at process.processTimers (node:internal/timers:512:7)
    at async renderAgreementToPNG (/var/www/gdpr-consent/backend/server.js:328:19)
    at async /var/www/gdpr-consent/backend/server.js:672:5
[/api/consent error] TimeoutError: Timed out after 30000 ms while waiting for the WS endpoint URL to appear in stdout!
    at ChromeLauncher.launch (/var/www/gdpr-consent/backend/node_modules/puppeteer-core/lib/cjs/puppeteer/node/BrowserLauncher.js:164:23)
    at runNextTicks (node:internal/process/task_queues:60:5)
    at process.processTimers (node:internal/timers:509:9)
    at async renderAgreementToPNG (/var/www/gdpr-consent/backend/server.js:328:19)
    at async /var/www/gdpr-consent/backend/server.js:672:5
[/api/consent error] TimeoutError: Timed out after 30000 ms while waiting for the WS endpoint URL to appear in stdout!
    at ChromeLauncher.launch (/var/www/gdpr-consent/backend/node_modules/puppeteer-core/lib/cjs/puppeteer/node/BrowserLauncher.js:164:23)
    at runNextTicks (node:internal/process/task_queues:60:5)
    at listOnTimeout (node:internal/timers:538:9)
    at process.processTimers (node:internal/timers:512:7)
    at async renderAgreementToPNG (/var/www/gdpr-consent/backend/server.js:328:19)
    at async /var/www/gdpr-consent/backend/server.js:672:5
[/api/consent error] TimeoutError: Timed out after 30000 ms while waiting for the WS endpoint URL to appear in stdout!
    at ChromeLauncher.launch (/var/www/gdpr-consent/backend/node_modules/puppeteer-core/lib/cjs/puppeteer/node/BrowserLauncher.js:164:23)
    at async renderAgreementToPNG (/var/www/gdpr-consent/backend/server.js:328:19)
    at async /var/www/gdpr-consent/backend/server.js:672:5
[/api/consent error] TimeoutError: Timed out after 30000 ms while waiting for the WS endpoint URL to appear in stdout!
    at ChromeLauncher.launch (/var/www/gdpr-consent/backend/node_modules/puppeteer-core/lib/cjs/puppeteer/node/BrowserLauncher.js:164:23)
    at async renderAgreementToPNG (/var/www/gdpr-consent/backend/server.js:328:19)
    at async /var/www/gdpr-consent/backend/server.js:672:5
[/api/consent error] TimeoutError: Timed out after 30000 ms while waiting for the WS endpoint URL to appear in stdout!
    at ChromeLauncher.launch (/var/www/gdpr-consent/backend/node_modules/puppeteer-core/lib/cjs/puppeteer/node/BrowserLauncher.js:164:23)
    at async renderAgreementToPNG (/var/www/gdpr-consent/backend/server.js:328:19)
    at async /var/www/gdpr-consent/backend/server.js:672:5
[/api/consent error] TimeoutError: Timed out after 30000 ms while waiting for the WS endpoint URL to appear in stdout!
    at ChromeLauncher.launch (/var/www/gdpr-consent/backend/node_modules/puppeteer-core/lib/cjs/puppeteer/node/BrowserLauncher.js:164:23)
    at async renderAgreementToPNG (/var/www/gdpr-consent/backend/server.js:328:19)
    at async /var/www/gdpr-consent/backend/server.js:672:5
[/api/consent error] TimeoutError: Timed out after 30000 ms while waiting for the WS endpoint URL to appear in stdout!
    at ChromeLauncher.launch (/var/www/gdpr-consent/backend/node_modules/puppeteer-core/lib/cjs/puppeteer/node/BrowserLauncher.js:164:23)
    at async renderAgreementToPNG (/var/www/gdpr-consent/backend/server.js:328:19)
    at async /var/www/gdpr-consent/backend/server.js:672:5
[/api/consent error] TimeoutError: Timed out after 30000 ms while waiting for the WS endpoint URL to appear in stdout!
    at ChromeLauncher.launch (/var/www/gdpr-consent/backend/node_modules/puppeteer-core/lib/cjs/puppeteer/node/BrowserLauncher.js:164:23)
    at async renderAgreementToPNG (/var/www/gdpr-consent/backend/server.js:328:19)
    at async /var/www/gdpr-consent/backend/server.js:672:5
[/api/consent error] ProtocolError: Target.createTarget timed out. Increase the 'protocolTimeout' setting in launch/connect calls for a higher timeout if needed.
    at <instance_members_initializer> (/var/www/gdpr-consent/backend/node_modules/puppeteer-core/lib/cjs/puppeteer/common/CallbackRegistry.js:102:14)
    at new Callback (/var/www/gdpr-consent/backend/node_modules/puppeteer-core/lib/cjs/puppeteer/common/CallbackRegistry.js:106:16)
    at CallbackRegistry.create (/var/www/gdpr-consent/backend/node_modules/puppeteer-core/lib/cjs/puppeteer/common/CallbackRegistry.js:24:26)
    at Connection._rawSend (/var/www/gdpr-consent/backend/node_modules/puppeteer-core/lib/cjs/puppeteer/cdp/Connection.js:99:26)
    at Connection.send (/var/www/gdpr-consent/backend/node_modules/puppeteer-core/lib/cjs/puppeteer/cdp/Connection.js:90:21)
    at CdpBrowser._createPageInContext (/var/www/gdpr-consent/backend/node_modules/puppeteer-core/lib/cjs/puppeteer/cdp/Browser.js:181:53)
    at CdpBrowserContext.newPage (/var/www/gdpr-consent/backend/node_modules/puppeteer-core/lib/cjs/puppeteer/cdp/BrowserContext.js:123:40)
    at processTicksAndRejections (node:internal/process/task_queues:95:5)
    at runNextTicks (node:internal/process/task_queues:64:3)
    at process.processImmediate (node:internal/timers:447:9)
[/api/consent error] ProtocolError: Target.createTarget timed out. Increase the 'protocolTimeout' setting in launch/connect calls for a higher timeout if needed.
    at <instance_members_initializer> (/var/www/gdpr-consent/backend/node_modules/puppeteer-core/lib/cjs/puppeteer/common/CallbackRegistry.js:102:14)
    at new Callback (/var/www/gdpr-consent/backend/node_modules/puppeteer-core/lib/cjs/puppeteer/common/CallbackRegistry.js:106:16)
    at CallbackRegistry.create (/var/www/gdpr-consent/backend/node_modules/puppeteer-core/lib/cjs/puppeteer/common/CallbackRegistry.js:24:26)
    at Connection._rawSend (/var/www/gdpr-consent/backend/node_modules/puppeteer-core/lib/cjs/puppeteer/cdp/Connection.js:99:26)
    at Connection.send (/var/www/gdpr-consent/backend/node_modules/puppeteer-core/lib/cjs/puppeteer/cdp/Connection.js:90:21)
    at CdpBrowser._createPageInContext (/var/www/gdpr-consent/backend/node_modules/puppeteer-core/lib/cjs/puppeteer/cdp/Browser.js:181:53)
    at CdpBrowserContext.newPage (/var/www/gdpr-consent/backend/node_modules/puppeteer-core/lib/cjs/puppeteer/cdp/BrowserContext.js:123:40)
    at processTicksAndRejections (node:internal/process/task_queues:95:5)
    at runNextTicks (node:internal/process/task_queues:64:3)
    at process.processImmediate (node:internal/timers:447:9)
[/api/consent error] ProtocolError: Target.createTarget timed out. Increase the 'protocolTimeout' setting in launch/connect calls for a higher timeout if needed.
    at <instance_members_initializer> (/var/www/gdpr-consent/backend/node_modules/puppeteer-core/lib/cjs/puppeteer/common/CallbackRegistry.js:102:14)
    at new Callback (/var/www/gdpr-consent/backend/node_modules/puppeteer-core/lib/cjs/puppeteer/common/CallbackRegistry.js:106:16)
    at CallbackRegistry.create (/var/www/gdpr-consent/backend/node_modules/puppeteer-core/lib/cjs/puppeteer/common/CallbackRegistry.js:24:26)
    at Connection._rawSend (/var/www/gdpr-consent/backend/node_modules/puppeteer-core/lib/cjs/puppeteer/cdp/Connection.js:99:26)
    at Connection.send (/var/www/gdpr-consent/backend/node_modules/puppeteer-core/lib/cjs/puppeteer/cdp/Connection.js:90:21)
    at CdpBrowser._createPageInContext (/var/www/gdpr-consent/backend/node_modules/puppeteer-core/lib/cjs/puppeteer/cdp/Browser.js:181:53)
    at CdpBrowserContext.newPage (/var/www/gdpr-consent/backend/node_modules/puppeteer-core/lib/cjs/puppeteer/cdp/BrowserContext.js:123:40)
    at processTicksAndRejections (node:internal/process/task_queues:95:5)
    at runNextTicks (node:internal/process/task_queues:64:3)
    at process.processImmediate (node:internal/timers:447:9)
[/api/consent error] ProtocolError: Target.createTarget timed out. Increase the 'protocolTimeout' setting in launch/connect calls for a higher timeout if needed.
    at <instance_members_initializer> (/var/www/gdpr-consent/backend/node_modules/puppeteer-core/lib/cjs/puppeteer/common/CallbackRegistry.js:102:14)
    at new Callback (/var/www/gdpr-consent/backend/node_modules/puppeteer-core/lib/cjs/puppeteer/common/CallbackRegistry.js:106:16)
    at CallbackRegistry.create (/var/www/gdpr-consent/backend/node_modules/puppeteer-core/lib/cjs/puppeteer/common/CallbackRegistry.js:24:26)
    at Connection._rawSend (/var/www/gdpr-consent/backend/node_modules/puppeteer-core/lib/cjs/puppeteer/cdp/Connection.js:99:26)
    at Connection.send (/var/www/gdpr-consent/backend/node_modules/puppeteer-core/lib/cjs/puppeteer/cdp/Connection.js:90:21)
    at CdpBrowser._createPageInContext (/var/www/gdpr-consent/backend/node_modules/puppeteer-core/lib/cjs/puppeteer/cdp/Browser.js:181:53)
    at CdpBrowserContext.newPage (/var/www/gdpr-consent/backend/node_modules/puppeteer-core/lib/cjs/puppeteer/cdp/BrowserContext.js:123:40)
    at processTicksAndRejections (node:internal/process/task_queues:95:5)
    at runNextTicks (node:internal/process/task_queues:64:3)
    at process.processImmediate (node:internal/timers:447:9)
[/api/consent error] ProtocolError: Target.createTarget timed out. Increase the 'protocolTimeout' setting in launch/connect calls for a higher timeout if needed.
    at <instance_members_initializer> (/var/www/gdpr-consent/backend/node_modules/puppeteer-core/lib/cjs/puppeteer/common/CallbackRegistry.js:102:14)
    at new Callback (/var/www/gdpr-consent/backend/node_modules/puppeteer-core/lib/cjs/puppeteer/common/CallbackRegistry.js:106:16)
    at CallbackRegistry.create (/var/www/gdpr-consent/backend/node_modules/puppeteer-core/lib/cjs/puppeteer/common/CallbackRegistry.js:24:26)
    at Connection._rawSend (/var/www/gdpr-consent/backend/node_modules/puppeteer-core/lib/cjs/puppeteer/cdp/Connection.js:99:26)
    at Connection.send (/var/www/gdpr-consent/backend/node_modules/puppeteer-core/lib/cjs/puppeteer/cdp/Connection.js:90:21)
    at CdpBrowser._createPageInContext (/var/www/gdpr-consent/backend/node_modules/puppeteer-core/lib/cjs/puppeteer/cdp/Browser.js:181:53)
    at CdpBrowserContext.newPage (/var/www/gdpr-consent/backend/node_modules/puppeteer-core/lib/cjs/puppeteer/cdp/BrowserContext.js:123:40)
    at process.processTicksAndRejections (node:internal/process/task_queues:95:5)
    at async CdpBrowser.newPage (/var/www/gdpr-consent/backend/node_modules/puppeteer-core/lib/cjs/puppeteer/cdp/Browser.js:178:16)
    at async renderAgreementToPNG (/var/www/gdpr-consent/backend/server.js:334:18)
[/api/consent error] TimeoutError: Timed out after 30000 ms while waiting for the WS endpoint URL to appear in stdout!
    at ChromeLauncher.launch (/var/www/gdpr-consent/backend/node_modules/puppeteer-core/lib/cjs/puppeteer/node/BrowserLauncher.js:164:23)
    at runNextTicks (node:internal/process/task_queues:60:5)
    at listOnTimeout (node:internal/timers:538:9)
    at process.processTimers (node:internal/timers:512:7)
    at async renderAgreementToPNG (/var/www/gdpr-consent/backend/server.js:328:19)
    at async /var/www/gdpr-consent/backend/server.js:672:5
[/api/consent error] TimeoutError: Timed out after 30000 ms while waiting for the WS endpoint URL to appear in stdout!
    at ChromeLauncher.launch (/var/www/gdpr-consent/backend/node_modules/puppeteer-core/lib/cjs/puppeteer/node/BrowserLauncher.js:164:23)
    at runNextTicks (node:internal/process/task_queues:60:5)
    at process.processTimers (node:internal/timers:509:9)
    at async renderAgreementToPNG (/var/www/gdpr-consent/backend/server.js:328:19)
    at async /var/www/gdpr-consent/backend/server.js:672:5
[/api/consent error] ProtocolError: Page.captureScreenshot timed out. Increase the 'protocolTimeout' setting in launch/connect calls for a higher timeout if needed.
    at <instance_members_initializer> (/var/www/gdpr-consent/backend/node_modules/puppeteer-core/lib/cjs/puppeteer/common/CallbackRegistry.js:102:14)
    at new Callback (/var/www/gdpr-consent/backend/node_modules/puppeteer-core/lib/cjs/puppeteer/common/CallbackRegistry.js:106:16)
    at CallbackRegistry.create (/var/www/gdpr-consent/backend/node_modules/puppeteer-core/lib/cjs/puppeteer/common/CallbackRegistry.js:24:26)
    at Connection._rawSend (/var/www/gdpr-consent/backend/node_modules/puppeteer-core/lib/cjs/puppeteer/cdp/Connection.js:99:26)
    at CdpCDPSession.send (/var/www/gdpr-consent/backend/node_modules/puppeteer-core/lib/cjs/puppeteer/cdp/CdpSession.js:73:33)
    at CdpPage._screenshot (/var/www/gdpr-consent/backend/node_modules/puppeteer-core/lib/cjs/puppeteer/cdp/Page.js:773:62)
    at CdpPage.screenshot (/var/www/gdpr-consent/backend/node_modules/puppeteer-core/lib/cjs/puppeteer/api/Page.js:1075:41)
    at async CdpPage.<anonymous> (/var/www/gdpr-consent/backend/node_modules/puppeteer-core/lib/cjs/puppeteer/util/decorators.js:172:24)
    at async renderAgreementToPNG (/var/www/gdpr-consent/backend/server.js:338:5)
    at async /var/www/gdpr-consent/backend/server.js:672:5
[/api/consent error] ProtocolError: Page.captureScreenshot timed out. Increase the 'protocolTimeout' setting in launch/connect calls for a higher timeout if needed.
    at <instance_members_initializer> (/var/www/gdpr-consent/backend/node_modules/puppeteer-core/lib/cjs/puppeteer/common/CallbackRegistry.js:102:14)
    at new Callback (/var/www/gdpr-consent/backend/node_modules/puppeteer-core/lib/cjs/puppeteer/common/CallbackRegistry.js:106:16)
    at CallbackRegistry.create (/var/www/gdpr-consent/backend/node_modules/puppeteer-core/lib/cjs/puppeteer/common/CallbackRegistry.js:24:26)
    at Connection._rawSend (/var/www/gdpr-consent/backend/node_modules/puppeteer-core/lib/cjs/puppeteer/cdp/Connection.js:99:26)
    at CdpCDPSession.send (/var/www/gdpr-consent/backend/node_modules/puppeteer-core/lib/cjs/puppeteer/cdp/CdpSession.js:73:33)
    at CdpPage._screenshot (/var/www/gdpr-consent/backend/node_modules/puppeteer-core/lib/cjs/puppeteer/cdp/Page.js:773:62)
    at CdpPage.screenshot (/var/www/gdpr-consent/backend/node_modules/puppeteer-core/lib/cjs/puppeteer/api/Page.js:1075:41)
    at runNextTicks (node:internal/process/task_queues:60:5)
    at process.processImmediate (node:internal/timers:447:9)
    at async CdpPage.<anonymous> (/var/www/gdpr-consent/backend/node_modules/puppeteer-core/lib/cjs/puppeteer/util/decorators.js:172:24)
[/api/consent error] ProtocolError: Page.captureScreenshot timed out. Increase the 'protocolTimeout' setting in launch/connect calls for a higher timeout if needed.
    at <instance_members_initializer> (/var/www/gdpr-consent/backend/node_modules/puppeteer-core/lib/cjs/puppeteer/common/CallbackRegistry.js:102:14)
    at new Callback (/var/www/gdpr-consent/backend/node_modules/puppeteer-core/lib/cjs/puppeteer/common/CallbackRegistry.js:106:16)
    at CallbackRegistry.create (/var/www/gdpr-consent/backend/node_modules/puppeteer-core/lib/cjs/puppeteer/common/CallbackRegistry.js:24:26)
    at Connection._rawSend (/var/www/gdpr-consent/backend/node_modules/puppeteer-core/lib/cjs/puppeteer/cdp/Connection.js:99:26)
    at CdpCDPSession.send (/var/www/gdpr-consent/backend/node_modules/puppeteer-core/lib/cjs/puppeteer/cdp/CdpSession.js:73:33)
    at CdpPage._screenshot (/var/www/gdpr-consent/backend/node_modules/puppeteer-core/lib/cjs/puppeteer/cdp/Page.js:773:62)
    at CdpPage.screenshot (/var/www/gdpr-consent/backend/node_modules/puppeteer-core/lib/cjs/puppeteer/api/Page.js:1075:41)
    at process.processTicksAndRejections (node:internal/process/task_queues:95:5)
    at async CdpPage.<anonymous> (/var/www/gdpr-consent/backend/node_modules/puppeteer-core/lib/cjs/puppeteer/util/decorators.js:172:24)
    at async renderAgreementToPNG (/var/www/gdpr-consent/backend/server.js:338:5)
[/api/consent error] TimeoutError: Timed out after 30000 ms while waiting for the WS endpoint URL to appear in stdout!
    at ChromeLauncher.launch (/var/www/gdpr-consent/backend/node_modules/puppeteer-core/lib/cjs/puppeteer/node/BrowserLauncher.js:164:23)
    at runNextTicks (node:internal/process/task_queues:60:5)
    at listOnTimeout (node:internal/timers:538:9)
    at process.processTimers (node:internal/timers:512:7)
    at async renderAgreementToPNG (/var/www/gdpr-consent/backend/server.js:328:19)
    at async /var/www/gdpr-consent/backend/server.js:672:5
[/api/consent error] TimeoutError: Timed out after 30000 ms while waiting for the WS endpoint URL to appear in stdout!
    at ChromeLauncher.launch (/var/www/gdpr-consent/backend/node_modules/puppeteer-core/lib/cjs/puppeteer/node/BrowserLauncher.js:164:23)
    at async renderAgreementToPNG (/var/www/gdpr-consent/backend/server.js:328:19)
    at async /var/www/gdpr-consent/backend/server.js:672:5
[/api/consent error] TimeoutError: Timed out after 30000 ms while waiting for the WS endpoint URL to appear in stdout!
    at ChromeLauncher.launch (/var/www/gdpr-consent/backend/node_modules/puppeteer-core/lib/cjs/puppeteer/node/BrowserLauncher.js:164:23)
    at runNextTicks (node:internal/process/task_queues:60:5)
    at listOnTimeout (node:internal/timers:538:9)
    at process.processTimers (node:internal/timers:512:7)
    at async renderAgreementToPNG (/var/www/gdpr-consent/backend/server.js:328:19)
    at async /var/www/gdpr-consent/backend/server.js:672:5
[/api/consent error] TimeoutError: Timed out after 30000 ms while waiting for the WS endpoint URL to appear in stdout!
    at ChromeLauncher.launch (/var/www/gdpr-consent/backend/node_modules/puppeteer-core/lib/cjs/puppeteer/node/BrowserLauncher.js:164:23)
    at runNextTicks (node:internal/process/task_queues:60:5)
    at listOnTimeout (node:internal/timers:538:9)
    at process.processTimers (node:internal/timers:512:7)
    at async renderAgreementToPNG (/var/www/gdpr-consent/backend/server.js:328:19)
    at async /var/www/gdpr-consent/backend/server.js:672:5
[/api/consent error] TimeoutError: Timed out after 30000 ms while waiting for the WS endpoint URL to appear in stdout!
    at ChromeLauncher.launch (/var/www/gdpr-consent/backend/node_modules/puppeteer-core/lib/cjs/puppeteer/node/BrowserLauncher.js:164:23)
    at runNextTicks (node:internal/process/task_queues:60:5)
    at listOnTimeout (node:internal/timers:538:9)
    at process.processTimers (node:internal/timers:512:7)
    at async renderAgreementToPNG (/var/www/gdpr-consent/backend/server.js:328:19)
    at async /var/www/gdpr-consent/backend/server.js:672:5
[/api/consent error] TimeoutError: Timed out after 30000 ms while waiting for the WS endpoint URL to appear in stdout!
    at ChromeLauncher.launch (/var/www/gdpr-consent/backend/node_modules/puppeteer-core/lib/cjs/puppeteer/node/BrowserLauncher.js:164:23)
    at async renderAgreementToPNG (/var/www/gdpr-consent/backend/server.js:328:19)
    at async /var/www/gdpr-consent/backend/server.js:672:5
[/api/consent error] TimeoutError: Timed out after 30000 ms while waiting for the WS endpoint URL to appear in stdout!
    at ChromeLauncher.launch (/var/www/gdpr-consent/backend/node_modules/puppeteer-core/lib/cjs/puppeteer/node/BrowserLauncher.js:164:23)
    at runNextTicks (node:internal/process/task_queues:60:5)
    at listOnTimeout (node:internal/timers:538:9)
    at process.processTimers (node:internal/timers:512:7)
    at async renderAgreementToPNG (/var/www/gdpr-consent/backend/server.js:328:19)
    at async /var/www/gdpr-consent/backend/server.js:672:5

> gdpr-consent-api@1.0.0 start
> node server.js

API listening on port 3000

> gdpr-consent-api@1.0.0 start
> node server.js

API listening on port 3000
